DATE,INTERPOLATED,MA7_NUM_ACTIVE,MA7_NUM_ACTIVE_per_100kpop,MA7_NUM_ASYMPTOMATIC,MA7_NUM_ASYMPTOMATIC_per_100kpop,MA7_NUM_CRITICAL,MA7_NUM_CRITICAL_per_100kpop,MA7_NUM_DAILY_ACTIVE,MA7_NUM_DAILY_ACTIVE_per_100kpop,MA7_NUM_DAILY_ASYMPTOMATIC,MA7_NUM_DAILY_ASYMPTOMATIC_per_100kpop,MA7_NUM_DAILY_CASES,MA7_NUM_DAILY_CASES_per_100kpop,MA7_NUM_DAILY_CRITICAL,MA7_NUM_DAILY_CRITICAL_per_100kpop,MA7_NUM_DAILY_DIED,MA7_NUM_DAILY_DIED_per_100kpop,MA7_NUM_DAILY_MILD,MA7_NUM_DAILY_MILD_per_100kpop,MA7_NUM_DAILY_MODERATE,MA7_NUM_DAILY_MODERATE_per_100kpop,MA7_NUM_DAILY_RECOVERED,MA7_NUM_DAILY_RECOVERED_per_100kpop,MA7_NUM_DAILY_SEVERE,MA7_NUM_DAILY_SEVERE_per_100kpop,MA7_NUM_TOT_DIED,MA7_NUM_TOT_DIED_per_100kpop,MA7_NUM_MILD,MA7_NUM_MILD_per_100kpop,MA7_NUM_MODERATE,MA7_NUM_MODERATE_per_100kpop,MA7_NUM_TOT_RECOVERED,MA7_NUM_TOT_RECOVERED_per_100kpop,MA7_NUM_SEVERE,MA7_NUM_SEVERE_per_100kpop,MA7_NUM_TOT_CASES,MA7_NUM_TOT_CASES_per_100kpop,NUM_ACTIVE,NUM_ACTIVE_per_100kpop,NUM_ASYMPTOMATIC,NUM_ASYMPTOMATIC_per_100kpop,NUM_CRITICAL,NUM_CRITICAL_per_100kpop,NUM_DAILY_ACTIVE,NUM_DAILY_ACTIVE_per_100kpop,NUM_DAILY_ASYMPTOMATIC,NUM_DAILY_ASYMPTOMATIC_per_100kpop,NUM_DAILY_CASES,NUM_DAILY_CASES_per_100kpop,NUM_DAILY_CRITICAL,NUM_DAILY_CRITICAL_per_100kpop,NUM_DAILY_DIED,NUM_DAILY_DIED_per_100kpop,NUM_DAILY_MILD,NUM_DAILY_MILD_per_100kpop,NUM_DAILY_MODERATE,NUM_DAILY_MODERATE_per_100kpop,NUM_DAILY_RECOVERED,NUM_DAILY_RECOVERED_per_100kpop,NUM_DAILY_SEVERE,NUM_DAILY_SEVERE_per_100kpop,NUM_TOT_DIED,NUM_TOT_DIED_per_100kpop,NUM_MILD,NUM_MILD_per_100kpop,NUM_MODERATE,NUM_MODERATE_per_100kpop,NUM_TOT_RECOVERED,NUM_TOT_RECOVERED_per_100kpop,NUM_SEVERE,NUM_SEVERE_per_100kpop,NUM_TOT_CASES,NUM_TOT_CASES_per_100kpop,PROVINCE_NAME,PROVINCE_NAME_PSGC,POPULATION,GROWTH_RATE,REGION_NAME
2021-04-16,0,328.2857142857143,52.33089600986593,11.714285714285714,1.8673339742423873,0.0,0.0,17.428571428571427,2.77822859582404,3.8571428571428568,0.6148538695676153,28.0,4.463383645750096,0.0,0.0,0.14285714285714285,0.02277236553954131,13.428571428571427,2.140602360716883,0.0,0.0,10.428571428571429,1.6623826843865155,0.14285714285714285,0.02277236553954131,7.857142857142857,1.252480104674772,316.0,50.37247257346538,0.0,0.0,1116.5714285714284,177.98880905705485,0.5714285714285714,0.09108946215816524,1452.7142857142856,231.57218517159552,390.0,62.16855792294777,28.0,4.463383645750096,0.0,0.0,21.0,3.3475377343125725,0.0,0.0,21.0,3.3475377343125725,0.0,0.0,0.0,0.0,21.0,3.3475377343125725,0.0,0.0,0.0,0.0,0.0,0.0,8.0,1.2752524702143133,361.0,57.54576771842089,0.0,0.0,1127.0,179.6511917414414,1.0,0.15940655877678916,1525.0,243.09500213460345,Ilocos Norte,PH012800000,593081,0.94,1
2021-04-16,0,438.2857142857143,59.93838562767023,47.42857142857142,6.486161678092084,0.0,0.0,8.571428571428571,1.1721978936310997,19.428571428571427,2.656981892230492,18.428571428571427,2.520225471306864,0.0,0.0,0.14285714285714285,0.019536631560518325,-11.0,-1.5043206301599112,0.0,0.0,9.714285714285714,1.328490946115246,0.14285714285714285,0.019536631560518325,4.857142857142857,0.664245473057623,388.71428571428567,53.15917447617036,1.0,0.1367564209236283,683.2857142857142,93.44370875395914,1.1428571428571428,0.1562930524841466,1126.4285714285713,154.046339854687,457.0,62.49768436209813,136.0,18.598873245613447,0.0,0.0,8.0,1.0940513673890264,0.0,0.0,8.0,1.0940513673890264,0.0,0.0,0.0,0.0,8.0,1.0940513673890264,0.0,0.0,0.0,0.0,0.0,0.0,5.0,0.6837821046181415,318.0,43.4885418537138,1.0,0.1367564209236283,693.0,94.7721997000744,2.0,0.2735128418472566,1155.0,157.95366616679067,Ilocos Sur,PH012900000,689668,0.98,1
2021-04-16,0,2153.714285714286,255.17424301345406,260.7142857142857,30.889691794876207,0.42857142857142855,0.050777575553221155,111.14285714285714,13.16831792680202,103.14285714285714,12.220469849808557,137.0,16.23189831851303,0.14285714285714285,0.016925858517740384,0.5714285714285714,0.06770343407096154,6.7142857142857135,0.7955153503337979,0.0,0.0,25.285714285714285,2.995876957640048,1.1428571428571428,0.13540686814192307,32.14285714285714,3.8083181664915857,1882.8571428571427,223.08281526381828,0.0,0.0,1752.4285714285713,207.62950643712128,9.714285714285714,1.150958379206346,3938.285714285714,466.6120676170669,2314.0,274.1650562703588,728.0,86.254175006405,1.0,0.11848100962418269,45.0,5.331645433088221,0.0,0.0,46.0,5.4501264427124045,0.0,0.0,2.0,0.23696201924836538,45.0,5.331645433088221,0.0,0.0,-1.0,-0.11848100962418269,0.0,0.0,34.0,4.028354327222211,1571.0,186.13366611959103,0.0,0.0,1777.0,210.54075410217266,14.0,1.6587341347385578,4125.0,488.7341646997536,La Union,PH013300000,786653,1.18,1
2021-04-16,0,1388.142857142857,43.49916559765931,115.28571428571428,3.6126198041896735,1.0,0.03133623126310746,21.428571428571427,0.6714906699237311,44.42857142857142,1.3922239889752024,69.57142857142857,2.180106375019047,0.0,0.0,2.4285714285714284,0.07610227592468953,-25.285714285714285,-0.7923589905100027,1.1428571428571428,0.03581283572926566,45.71428571428571,1.4325134291706263,1.1428571428571428,0.03581283572926566,291.2857142857143,9.127796506496587,1236.4285714285713,38.74501165459929,6.428571428571428,0.20144720097711935,6282.142857142857,196.8586813993072,29.0,0.9087507066301161,7961.571428571428,249.48564350346308,1524.0,47.75641644497576,315.0,9.870912847878849,1.0,0.03133623126310746,54.0,1.6921564882078026,0.0,0.0,54.0,1.6921564882078026,0.0,0.0,0.0,0.0,54.0,1.6921564882078026,0.0,0.0,0.0,0.0,0.0,0.0,299.0,9.369533147669129,1163.0,36.44403695899397,11.0,0.34469854389418203,6327.0,198.26433520168086,34.0,1.0654318629456534,8150.0,255.39028479432577,Pangasinan,PH015500000,2956726,1.28,1
2021-04-16,0,8.714285714285714,49.629261764095254,2.2857142857142856,13.017511282385641,0.0,0.0,-0.14285714285714285,-0.8135944551491026,0.0,0.0,0.14285714285714285,0.8135944551491026,0.0,0.0,0.0,0.0,-0.14285714285714285,-0.8135944551491026,0.0,0.0,0.2857142857142857,1.6271889102982051,0.0,0.0,0.0,0.0,6.428571428571428,36.61175048170961,0.0,0.0,4.714285714285714,26.848617019920386,0.0,0.0,13.428571428571427,76.47787878401563,9.0,51.25645067439346,2.0,11.390322372087436,0.0,0.0,0.0,0.0,0.0,0.0,0.0,0.0,0.0,0.0,0.0,0.0,0.0,0.0,0.0,0.0,0.0,0.0,0.0,0.0,0.0,0.0,7.0,39.866128302306024,0.0,0.0,5.0,28.47580593021859,0.0,0.0,14.0,79.73225660461205,Batanes,PH020900000,17246,0.3,2
2021-04-16,0,2252.428571428571,174.42275127834355,147.0,11.383332978081787,0.0,0.0,80.14285714285714,6.20607366443526,3.2857142857142856,0.2544379577219447,156.28571428571428,12.102396771643805,0.0,0.0,1.7142857142857142,0.13275023881144943,76.28571428571428,5.907385627109499,0.0,0.0,74.42857142857143,5.763572868397096,0.5714285714285714,0.044250079603816474,53.71428571428571,4.159507482758748,2087.5714285714284,161.65660331264252,1.0,0.07743763930667882,3756.0,290.8557732358857,16.857142857142858,1.3053773483125861,6062.142857142857,469.438031996988,2629.0,203.58355373725868,144.0,11.151020060161752,0.0,0.0,179.0,13.86133743589551,1.0,0.07743763930667882,179.0,13.86133743589551,0.0,0.0,0.0,0.0,178.0,13.783899796588834,0.0,0.0,0.0,0.0,0.0,0.0,57.0,4.413945440480694,2467.0,191.03865616957668,1.0,0.07743763930667882,3830.0,296.5861585445799,17.0,1.3164398682135403,6516.0,504.58365772231923,Cagayan,PH021500000,1199320,1.24,2
2021-04-16,0,5242.0,302.442114094783,131.57142857142856,7.591137163604271,1.0,0.0576959393542127,101.71428571428571,5.868501260028492,-2.4285714285714284,-0.14011870986023084,308.4285714285714,17.795076152249315,0.14285714285714285,0.008242277050601815,6.0,0.34617563612527624,103.42857142857142,5.967408584635713,0.2857142857142857,0.01648455410120363,200.7142857142857,11.58039925609555,0.2857142857142857,0.01648455410120363,149.42857142857142,8.621421794929498,5085.428571428572,293.4085784473234,4.0,0.2307837574168508,8298.857142857143,478.81035842356073,20.0,1.153918787084254,13690.285714285714,789.8738943132732,5811.0,335.27110358733006,124.0,7.154296479922376,1.0,0.0576959393542127,233.0,13.44315386953156,0.0,0.0,237.0,13.673937626948412,0.0,0.0,4.0,0.2307837574168508,233.0,13.44315386953156,0.0,0.0,0.0,0.0,0.0,0.0,166.0,9.57752593279931,5662.0,326.6744086235523,4.0,0.2307837574168508,8496.0,490.1847007533912,20.0,1.153918787084254,14473.0,835.0333302735205,Isabela,PH023100000,1593566,1.41,2
2021-04-16,0,648.8571428571428,132.13603276411493,29.428571428571427,5.992959654206887,0.0,0.0,-5.285714285714286,-1.0764053747847322,-1.2857142857142856,-0.261828334407097,22.57142857142857,4.596541870702369,0.0,0.0,0.7142857142857142,0.14546018578172054,-4.428571428571428,-0.9018531518466675,0.42857142857142855,0.08727611146903234,27.142857142857142,5.527487059705381,0.0,0.0,45.42857142857142,9.251267815717426,606.4285714285714,123.49569772868077,4.0,0.8145770403776352,1118.857142857143,227.84883500848713,9.0,1.8327983408496793,1813.142857142857,369.2361355883195,704.0,143.3655591064638,26.0,5.294750762454629,0.0,0.0,8.0,1.6291540807552705,0.0,0.0,8.0,1.6291540807552705,0.0,0.0,0.0,0.0,8.0,1.6291540807552705,0.0,0.0,0.0,0.0,0.0,0.0,48.0,9.774924484531622,665.0,135.42343296278185,4.0,0.8145770403776352,1145.0,233.1726778080981,9.0,1.8327983408496793,1897.0,386.31316139909353,Nueva Vizcaya,PH025000000,452287,1.38,2
2021-04-16,0,435.57142857142856,209.65851211665736,41.0,19.734992777133705,0.0,0.0,-30.0,-14.440238617414904,-0.2857142857142857,-0.13752608207061812,14.714285714285714,7.082593226636834,0.0,0.0,1.0,0.4813412872471635,-29.857142857142854,-14.371475576379595,0.14285714285714285,0.06876304103530906,43.714285714285715,21.041490556804575,0.0,0.0,5.428571428571428,2.6129955593417447,389.57142857142856,187.51681290328784,1.0,0.4813412872471635,596.4285714285714,287.0856963224154,4.0,1.925365148988654,1037.4285714285713,499.35720399841443,437.0,210.34614252701044,38.0,18.290968915392213,0.0,0.0,10.0,4.813412872471635,0.0,0.0,10.0,4.813412872471635,0.0,0.0,0.0,0.0,10.0,4.813412872471635,0.0,0.0,0.0,0.0,0.0,0.0,9.0,4.3320715852244716,394.0,189.64846717538242,1.0,0.4813412872471635,638.0,307.0957412636903,4.0,1.925365148988654,1084.0,521.7739553759253,Quirino,PH025700000,188991,1.59,2
2021-04-16,0,839.2857142857142,97.63186318010845,20.285714285714285,2.3597829058000683,4.0,0.46530930536902754,11.0,1.2796005897648257,6.571428571428571,0.7644367159634023,36.57142857142857,4.254256506231109,0.0,0.0,2.4285714285714284,0.28250922111690957,4.142857142857142,0.4819274948464928,0.2857142857142857,0.03323637895493054,23.142857142857142,2.692146695349374,0.0,0.0,93.0,10.818441349829891,810.1428571428571,94.24175252670554,0.8571428571428571,0.0997091368647916,4252.571428571428,494.6902643651861,4.0,0.46530930536902754,5184.857142857142,603.1405688951244,907.0,105.50888499242699,51.0,5.932693643455101,4.0,0.46530930536902754,16.0,1.8612372214761101,3.0,0.34898197902677064,18.0,2.093891874160624,0.0,0.0,2.0,0.23265465268451377,13.0,1.5122552424493396,0.0,0.0,0.0,0.0,0.0,0.0,101.0,11.749059960567946,846.0,98.41291808554932,2.0,0.23265465268451377,4276.0,497.4156474394905,4.0,0.46530930536902754,5284.0,614.6735923924854,Bataan,PH030800000,760650,2.06,3
2021-04-16,0,8734.0,227.83574508718007,28.0,0.7304099911198813,6.285714285714286,0.16396958984323862,80.71428571428571,2.1055185968506778,2.571428571428571,0.06707846857223397,515.4285714285714,13.445506367145567,0.14285714285714285,0.0037265815873463327,14.857142857142856,0.3875644850840186,78.0,2.0347135466910977,0.14285714285714285,0.0037265815873463327,419.85714285714283,10.952423285210871,-0.14285714285714285,-0.0037265815873463327,583.0,15.208179457960384,8645.285714285714,225.521537921438,23.285714285714285,0.6074327987374522,22196.714285714286,579.0250672971111,31.142857142857142,0.8123947860415004,31513.714285714283,822.0689918422515,9684.0,252.61751264303322,42.0,1.0956149866798217,7.0,0.1826024977799703,567.0,14.790802320177596,5.0,0.13043035555712165,577.0,15.051663031291838,0.0,0.0,10.0,0.2608607111142433,562.0,14.660371964620472,0.0,0.0,0.0,0.0,0.0,0.0,633.0,16.5124830135316,9580.0,249.90456124744506,24.0,0.6260657066741839,22600.0,589.5452071181899,31.0,0.8086682044541542,32917.0,858.6752027747547,Bulacan,PH031400000,3292071,2.57,3
2021-04-16,0,1702.4285714285713,71.47488997808723,2.571428571428571,0.10795905174167746,3.0,0.12595222703195705,37.857142857142854,1.5893971506413624,0.0,0.0,111.0,4.6602324001824105,0.0,0.0,5.142857142857142,0.2159181034833549,37.857142857142854,1.5893971506413624,0.0,0.0,68.0,2.854917146057693,0.0,0.0,140.14285714285714,5.883768319921422,1691.8571428571427,71.031058320927,0.0,0.0,3146.5714285714284,132.10589298123264,5.0,0.20992037838659505,4989.142857142857,209.4645512792413,1970.0,82.70862908431845,3.0,0.12595222703195705,3.0,0.12595222703195705,123.0,5.164041308310239,0.0,0.0,128.0,5.373961686696833,0.0,0.0,6.0,0.2519044540639141,123.0,5.164041308310239,0.0,0.0,-1.0,-0.04198407567731901,0.0,0.0,155.0,6.507531729984446,1959.0,82.24680425186794,0.0,0.0,3213.0,134.89483515122598,5.0,0.20992037838659505,5338.0,224.11099596552887,Nueva Ecija,PH034900000,2151461,1.71,3
2021-04-16,0,4217.285714285714,139.7537083128083,35.285714285714285,1.1693088294185037,3.0,0.09941492071979181,155.28571428571428,5.145905658210176,15.857142857142856,0.5254788666617567,311.7142857142857,10.32968366717075,0.0,0.0,13.285714285714285,0.44026607747336377,139.0,4.606224660017021,0.2857142857142857,0.00946808768759922,143.14285714285714,4.743511931487209,0.14285714285714285,0.00473404384379961,428.4285714285714,14.197397487555032,4158.285714285714,137.79854820531907,14.428571428571427,0.4781384282237606,11867.714285714284,393.2759582798088,6.285714285714286,0.20829792912718287,16513.42857142857,547.2270640801721,5009.0,165.98977929514572,113.0,3.744628680445492,3.0,0.09941492071979181,335.0,11.101332813710087,15.0,0.4970746035989591,348.0,11.53213080349585,0.0,0.0,27.0,0.8947342864781264,319.0,10.57111990320453,1.0,0.03313830690659727,-14.0,-0.4639362966923618,0.0,0.0,481.0,15.939525622073289,4870.0,161.38355463512872,16.0,0.5302129105055563,11989.0,397.2951615031947,7.0,0.2319681483461809,17479.0,579.2244664204137,Pampanga,PH035400000,2609744,2.45,3
2021-04-16,0,1299.4285714285713,86.38095174793061,7.857142857142857,0.522312263207584,1.7142857142857142,0.11395903924529104,78.42857142857143,5.213626045472066,5.428571428571428,0.3608702909434216,111.42857142857142,7.407337550943917,-0.14285714285714285,-0.009496586603774252,1.1428571428571428,0.07597269283019402,72.14285714285714,4.795776234905998,0.7142857142857142,0.047482933018871264,31.857142857142854,2.117738812641658,0.2857142857142857,0.018993173207548505,72.71428571428571,4.8337625813210945,1283.5714285714284,85.32683063491166,2.714285714285714,0.1804351454717108,2600.142857142857,172.84737277529518,3.571428571428571,0.23741466509435633,3972.285714285714,264.0620871045469,1545.0,102.70558411981855,38.0,2.526092036603951,1.0,0.06647610622641978,97.0,6.448182303962718,22.0,1.462474336981235,97.0,6.448182303962718,0.0,0.0,0.0,0.0,70.0,4.653327435849384,5.0,0.33238053113209887,0.0,0.0,0.0,0.0,76.0,5.052184073207902,1494.0,99.31530270227114,7.0,0.4653327435849384,2631.0,174.89863548171041,5.0,0.33238053113209887,4252.0,282.65640367473685,Tarlac,PH036900000,1366027,1.62,3
2021-04-16,0,601.8571428571428,64.86705948156661,0.7142857142857142,0.07698440479654237,0.0,0.0,17.285714285714285,1.8630225960763256,0.7142857142857142,0.07698440479654237,43.14285714285714,4.64985804971116,0.0,0.0,1.1428571428571428,0.12317504767446781,16.57142857142857,1.7860381912797834,0.0,0.0,24.71428571428571,2.6636604059603664,0.0,0.0,58.71428571428571,6.328118074275783,601.1428571428571,64.79007507677007,0.0,0.0,2615.5714285714284,281.90149348397887,0.0,0.0,3276.142857142857,353.0966710398213,687.0,74.04360053331446,5.0,0.5388908335757967,0.0,0.0,35.0,3.772235835030577,5.0,0.5388908335757967,37.0,3.9877921684608957,0.0,0.0,4.0,0.4311126668606374,30.0,3.2333450014547807,0.0,0.0,-2.0,-0.2155563334303187,0.0,0.0,63.0,6.790024503055038,682.0,73.50470969973867,0.0,0.0,2639.0,284.4265819613055,0.0,0.0,3389.0,365.260206997675,Zambales,PH037100000,823888,2,3
2021-04-16,0,123.71428571428571,53.16318715139314,0.5714285714285714,0.24555744642675814,0.0,0.0,-7.571428571428571,-3.253636165154546,0.2857142857142857,0.12277872321337907,7.571428571428571,3.253636165154546,0.0,0.0,0.14285714285714285,0.061389361606689535,-7.857142857142857,-3.3764148883679246,0.0,0.0,15.0,6.445882968702403,0.0,0.0,3.8571428571428568,1.6575127633806177,123.14285714285714,52.91762970496639,0.0,0.0,227.57142857142856,97.79325303945643,0.0,0.0,355.1428571428571,152.6139529542302,117.0,50.27788715587873,2.0,0.8594510624936536,0.0,0.0,3.0,1.2891765937404804,0.0,0.0,4.0,1.718902124987307,0.0,0.0,0.0,0.0,3.0,1.2891765937404804,0.0,0.0,1.0,0.4297255312468268,0.0,0.0,4.0,1.718902124987307,115.0,49.418436093385075,0.0,0.0,252.0,108.29083387420035,0.0,0.0,373.0,160.2876231550664,Aurora,PH037700000,214336,1.38,3
2021-04-16,0,4813.285714285714,155.86056525596518,73.42857142857143,2.377714378107206,5.0,0.16190662107733894,86.71428571428571,2.8079233998269926,9.714285714285714,0.3145614352359728,281.57142857142856,9.117655718383858,0.0,0.0,5.0,0.16190662107733894,77.14285714285714,2.497987868050372,0.0,0.0,189.85714285714283,6.147825697479527,-0.14285714285714285,-0.004625903459352541,331.2857142857143,10.727470122238543,4701.428571428572,152.23848284729215,21.0,0.6800078085248236,16318.857142857141,528.4262039687595,12.428571428571427,0.402453600963671,21463.42857142857,695.0142393469631,5384.0,174.34104957607858,127.0,4.11242817536441,5.0,0.16190662107733894,250.0,8.095331053866948,-4.0,-0.12952529686187117,263.0,8.51628826866803,0.0,0.0,3.0,0.09714397264640337,254.0,8.22485635072882,0.0,0.0,10.0,0.3238132421546779,0.0,0.0,345.0,11.171556854336387,5219.0,168.9981310805264,21.0,0.6800078085248236,16559.0,536.2023476839312,12.0,0.3885758905856135,22288.0,721.714954114346,Batangas,PH041000000,2694335,2.3,4A
2021-04-16,0,11461.142857142857,248.25085392531707,60.0,1.2996130858133466,14.0,0.3032430533564476,237.14285714285714,5.1365660058337035,-2.4285714285714284,-0.05260338680673069,746.2857142857142,16.164711334021245,0.0,0.0,8.285714285714285,0.17947037851708117,239.0,5.1767921251564974,0.2857142857142857,0.0061886337419683165,500.85714285714283,10.84867494967046,0.2857142857142857,0.0061886337419683165,431.2857142857143,9.341742633501175,11344.285714285714,245.71970272485203,20.142857142857142,0.4362986788087663,33364.42857142857,722.6807995352212,22.71428571428571,0.4919963824864812,45256.85714285714,980.2733960940394,13046.0,282.57920529201533,66.0,1.4295743943946813,14.0,0.3032430533564476,691.0,14.967210704950375,3.0,0.06498065429066734,695.0,15.053851577337934,0.0,0.0,6.0,0.12996130858133467,687.0,14.880569832562818,1.0,0.02166021809688911,-2.0,-0.04332043619377822,0.0,0.0,455.0,9.855399234084546,12922.0,279.8933382480011,21.0,0.45486458003467134,33862.0,733.4583051968591,23.0,0.4981850162284495,47363.0,1025.8929097229588,Cavite,PH042100000,3678301,3.86,4A
2021-04-16,0,6420.0,178.28948839001453,16.428571428571427,0.4562370085636775,22.0,0.6109608636417944,142.85714285714286,3.967278335336327,-1.2857142857142856,-0.03570550501802694,407.0,11.302775977373194,0.0,0.0,7.857142857142857,0.21820030844349797,142.85714285714286,3.967278335336327,1.1428571428571428,0.031738226682690614,256.2857142857143,7.1172973335933705,0.14285714285714285,0.003967278335336327,397.85714285714283,11.048870163911669,6326.571428571428,175.69488835870456,35.14285714285714,0.9759504704927363,28303.142857142855,786.0051183535038,19.857142857142858,0.5514516886117494,35121.0,975.3434769074299,7247.0,201.25606267327652,16.0,0.4443351735576686,22.0,0.6109608636417944,410.0,11.386088822415259,1.0,0.027770948347354288,417.0,11.580485460846738,0.0,0.0,8.0,0.2221675867788343,407.0,11.302775977373194,2.0,0.055541896694708576,-1.0,-0.027770948347354288,0.0,0.0,422.0,11.71934020258351,7149.0,198.53450973523582,40.0,1.1108379338941716,28554.0,792.9716591103545,20.0,0.5554189669470858,36223.0,1005.9470619862143,Laguna,PH043400000,3035081,2.89,4A
2021-04-16,0,1394.2857142857142,59.187507827780436,1.5714285714285714,0.06670723218294926,3.0,0.12735017053108497,60.57142857142857,2.571260585960953,-0.5714285714285714,-0.024257175339254273,112.14285714285714,4.760470660328652,0.0,0.0,2.4285714285714284,0.10309299519183066,61.14285714285714,2.5955177613002074,0.0,0.0,49.14285714285714,2.0861170791758674,0.0,0.0,172.57142857142856,7.325666952454791,1384.7142857142856,58.78120014084792,1.0,0.04245005684369498,8608.571428571428,365.43434648586566,4.0,0.16980022737477993,10175.42857142857,431.9475212661008,1654.0,70.2123940194715,1.0,0.04245005684369498,3.0,0.12735017053108497,100.0,4.245005684369498,0.0,0.0,100.0,4.245005684369498,0.0,0.0,0.0,0.0,100.0,4.245005684369498,0.0,0.0,0.0,0.0,0.0,0.0,176.0,7.471210004490318,1645.0,69.83034350787825,1.0,0.04245005684369498,8657.0,367.49014209586744,4.0,0.16980022737477993,10487.0,445.1737461198293,Quezon,PH045600000,2122830,1.75,4A
2021-04-16,0,8593.571428571428,242.38299877393678,17.285714285714285,0.48754621979297397,37.0,1.04359066881306,156.14285714285714,4.4040332085431455,1.0,0.028205153211163788,578.5714285714286,16.318695786459045,-0.14285714285714285,-0.004029307601594827,8.428571428571429,0.2377291484940948,154.85714285714286,4.367769440128792,0.2857142857142857,0.008058615203189654,414.0,11.676933429421808,0.14285714285714285,0.004029307601594827,584.7142857142857,16.491956013327624,8465.0,238.75662193250145,27.428571428571427,0.7736270595062067,27923.714285714283,787.5926396533342,46.857142857142854,1.321612893323103,37102.0,1046.467594440599,9880.0,278.6669137262982,21.0,0.5923082174344395,37.0,1.04359066881306,588.0,16.584630088164307,2.0,0.056410306422327576,603.0,17.007707386331766,0.0,0.0,8.0,0.2256412256893103,586.0,16.52821978174198,0.0,0.0,7.0,0.19743607247814654,0.0,0.0,605.0,17.064117692754092,9747.0,274.9156283492134,28.0,0.7897442899125862,28359.0,799.8699399153938,47.0,1.325642200924698,38844.0,1095.600971334446,Rizal,PH045800000,2884227,3.5,4A
2021-04-16,0,206.28571428571428,14.579594617547546,2.714285714285714,0.1918367712835203,2.0,0.14135341041943605,7.857142857142857,0.5553169695049273,1.0,0.07067670520971803,17.142857142857142,1.2116006607380232,0.0,0.0,0.2857142857142857,0.02019334434563372,6.428571428571428,0.45435024777675864,0.2857142857142857,0.02019334434563372,9.0,0.6360903468874622,0.14285714285714285,0.01009667217281686,56.14285714285714,3.967992163917026,200.14285714285714,14.145437714116422,0.2857142857142857,0.02019334434563372,1453.7142857142856,102.74373603058434,1.1428571428571428,0.08077337738253489,1716.142857142857,121.29132281204895,242.0,17.10376266075176,9.0,0.6360903468874622,2.0,0.14135341041943605,8.0,0.5654136416777442,5.0,0.35338352604859014,9.0,0.6360903468874622,0.0,0.0,0.0,0.0,0.0,0.0,2.0,0.14135341041943605,1.0,0.07067670520971803,1.0,0.07067670520971803,57.0,4.028572196953927,227.0,16.04361208260599,2.0,0.14135341041943605,1464.0,103.47069642702718,2.0,0.14135341041943605,1763.0,124.60303128473288,Albay,PH050500000,1314826,1.23,5
2021-04-16,0,42.14285714285714,6.638663920841762,0.2857142857142857,0.04500789098875771,0.0,0.0,0.8571428571428571,0.13502367296627313,0.14285714285714285,0.022503945494378855,3.2857142857142856,0.5175907463707137,0.0,0.0,0.0,0.0,0.7142857142857142,0.11251972747189426,0.0,0.0,2.4285714285714284,0.3825670734044405,0.0,0.0,10.0,1.5752761846065197,41.857142857142854,6.593656029853004,0.0,0.0,305.57142857142856,48.13593941247637,0.0,0.0,357.7142857142857,56.34987951792466,51.0,8.033908541493252,1.0,0.157527618460652,0.0,0.0,3.0,0.472582855381956,0.0,0.0,3.0,0.472582855381956,0.0,0.0,0.0,0.0,3.0,0.472582855381956,0.0,0.0,0.0,0.0,0.0,0.0,10.0,1.5752761846065197,50.0,7.8763809230326,0.0,0.0,308.0,48.51850648588081,0.0,0.0,369.0,58.12769121198058,Camarines Norte,PH051600000,583313,1.42,5
2021-04-16,0,415.1428571428571,19.42169305153244,7.142857142857142,0.3341654000607784,0.0,0.0,20.71428571428571,0.9690796601762574,5.428571428571428,0.25396570404619156,35.0,1.6374104602978141,0.0,0.0,0.42857142857142855,0.020049924003646705,14.142857142857142,0.6616474921203412,1.0,0.04678315600850898,13.857142857142856,0.6482808761179101,0.14285714285714285,0.006683308001215567,63.71428571428571,2.980755368542143,401.2857142857143,18.77341217541453,2.571428571428571,0.12029954402188021,1887.142857142857,88.28649869605765,4.142857142857142,0.19381593203525146,2366.0,110.68894711613224,504.0,23.578710628288523,39.0,1.82454308433185,0.0,0.0,26.0,1.2163620562212334,33.0,1.5438441482807963,28.0,1.3099283682382514,0.0,0.0,2.0,0.09356631201701796,-11.0,-0.5146147160935988,3.0,0.14034946802552692,0.0,0.0,1.0,0.04678315600850898,66.0,3.0876882965615926,452.0,21.145986515846058,8.0,0.3742652480680718,1901.0,88.93477957217557,5.0,0.23391578004254487,2471.0,115.60117849702567,Camarines Sur,PH051700000,1952544,1.52,5
2021-04-16,0,39.42857142857142,14.007014610450952,0.2857142857142857,0.10150010587283301,0.0,0.0,0.2857142857142857,0.10150010587283301,0.2857142857142857,0.10150010587283301,1.2857142857142856,0.45675047642774846,0.0,0.0,0.0,0.0,0.0,0.0,0.0,0.0,1.0,0.3552503705549155,0.0,0.0,5.0,1.7762518527745776,36.14285714285714,12.839763392913373,2.0,0.710500741109831,265.0,94.14134819705261,1.0,0.3552503705549155,309.4285714285714,109.92461466027812,42.0,14.92051556330645,2.0,0.710500741109831,0.0,0.0,1.0,0.3552503705549155,2.0,0.710500741109831,1.0,0.3552503705549155,0.0,0.0,0.0,0.0,-1.0,-0.3552503705549155,0.0,0.0,0.0,0.0,0.0,0.0,5.0,1.7762518527745776,37.0,13.144263710531874,2.0,0.710500741109831,266.0,94.49659856760752,1.0,0.3552503705549155,313.0,111.19336598368855,Catanduanes,PH052000000,260964,1.27,5
2021-04-16,0,54.14285714285714,5.53883844358757,1.0,0.10230044618763325,0.0,0.0,1.0,0.10230044618763325,1.0,0.10230044618763325,3.571428571428571,0.36535873638440436,0.0,0.0,0.14285714285714285,0.014614349455376175,0.0,0.0,0.0,0.0,2.4285714285714284,0.24844394074139498,0.0,0.0,5.7142857142857135,0.584573978215047,52.14285714285714,5.334237551212303,1.0,0.10230044618763325,843.5714285714286,86.29773353399632,0.0,0.0,903.4285714285713,92.42114595579893,62.0,6.34262766363326,7.0,0.7161031233134326,0.0,0.0,6.0,0.6138026771257994,7.0,0.7161031233134326,6.0,0.6138026771257994,0.0,0.0,0.0,0.0,-1.0,-0.10230044618763325,0.0,0.0,0.0,0.0,0.0,0.0,6.0,0.6138026771257994,54.0,5.524224094132195,1.0,0.10230044618763325,846.0,86.54617747473772,0.0,0.0,914.0,93.50260781549677,Masbate,PH054100000,892393,1.53,5
2021-04-16,0,222.14285714285714,25.910345581512427,1.5714285714285714,0.1832886182615027,0.0,0.0,9.285714285714285,1.0830691079088794,1.5714285714285714,0.1832886182615027,15.142857142857142,1.7662357759744804,0.0,0.0,0.14285714285714285,0.016662601660136608,6.7142857142857135,0.7831422780264206,1.0,0.11663821162095626,5.7142857142857135,0.6665040664054642,0.0,0.0,23.71428571428571,2.765991875582677,219.0,25.543768344989424,1.5714285714285714,0.1832886182615027,850.2857142857142,99.17580508113309,0.0,0.0,1096.142857142857,127.85214253822821,267.0,31.14240250279532,11.0,1.283020327830519,0.0,0.0,14.0,1.6329349626933876,11.0,1.283020327830519,14.0,1.6329349626933876,0.0,0.0,0.0,0.0,0.0,0.0,3.0,0.3499146348628688,0.0,0.0,0.0,0.0,24.0,2.7993170789029502,249.0,29.04291469361811,7.0,0.8164674813466938,856.0,99.84230914753857,0.0,0.0,1147.0,133.78402872923684,Sorsogon,PH056200000,792949,1.31,5
2021-04-16,0,271.4285714285714,42.92983075271013,20.57142857142857,3.2536292781001364,0.0,0.0,-2.8571428571428568,-0.4518929552916856,4.142857142857142,0.6552447851729442,14.571428571428571,2.304654071987597,0.0,0.0,0.0,0.0,-7.0,-1.10713774046463,0.0,0.0,17.428571428571427,2.7565470272792822,0.0,0.0,31.0,4.903038564914789,247.28571428571428,39.111335280495396,0.5714285714285714,0.09037859105833713,1253.0,198.17765554316873,3.0,0.47448760305626997,1555.4285714285713,246.01052486079365,254.0,40.173283725430856,29.0,4.586713496210609,0.0,0.0,-36.0,-5.69385123667524,-23.0,-3.6377382900980697,14.0,2.21427548092926,0.0,0.0,0.0,0.0,-13.0,-2.05611294657717,0.0,0.0,50.0,7.9081267176045,0.0,0.0,31.0,4.903038564914789,221.0,34.95392009181189,1.0,0.15816253435209,1308.0,206.8765949325337,3.0,0.47448760305626997,1593.0,251.95291722287936,Aklan,PH060400000,574823,1.6,6
2021-04-16,0,452.85714285714283,71.70882463947268,5.285714285714286,0.8369799721326464,0.0,0.0,39.714285714285715,6.288660331158804,1.4285714285714284,0.2262108032790936,44.714285714285715,7.080398142635631,0.0,0.0,0.2857142857142857,0.04524216065581872,37.57142857142857,5.949344126240162,0.42857142857142855,0.06786324098372808,4.714285714285714,0.746495650821009,0.2857142857142857,0.04524216065581872,5.857142857142857,0.9274642934442838,445.1428571428571,70.48728630176558,1.2857142857142856,0.20358972295118424,313.0,49.56278699844942,1.1428571428571428,0.1809686426232749,771.7142857142857,122.19907593136637,563.0,89.1496775722908,10.0,1.5834756229536553,0.0,0.0,32.0,5.067121993451697,0.0,0.0,32.0,5.067121993451697,0.0,0.0,0.0,0.0,32.0,5.067121993451697,0.0,0.0,0.0,0.0,0.0,0.0,6.0,0.9500853737721933,548.0,86.77446413786032,3.0,0.47504268688609663,322.0,50.9879150591077,2.0,0.31669512459073107,891.0,141.0876780051707,Antique,PH060600000,582012,1.37,6
2021-04-16,0,134.7142857142857,16.6679298458881,1.2857142857142856,0.1590788638525906,2.0,0.24745601043736318,8.714285714285714,1.078201188334225,0.0,0.0,16.0,1.9796480834989054,0.0,0.0,0.2857142857142857,0.03535085863390902,8.714285714285714,1.078201188334225,0.0,0.0,7.0,0.8660960365307712,0.0,0.0,56.14285714285714,6.9464437215631225,126.42857142857142,15.642754945504741,1.0,0.12372800521868159,1453.7142857142856,179.8651687293291,4.0,0.49491202087472635,1644.5714285714284,203.47954229678035,176.0,21.77612891848796,1.0,0.12372800521868159,2.0,0.24745601043736318,9.0,1.1135520469681344,0.0,0.0,14.0,1.7321920730615423,0.0,0.0,1.0,0.12372800521868159,9.0,1.1135520469681344,0.0,0.0,4.0,0.49491202087472635,0.0,0.0,57.0,7.05249629746485,168.0,20.786304876738505,1.0,0.12372800521868159,1471.0,182.00389567668063,4.0,0.49491202087472635,1704.0,210.8325208926334,Capiz,PH061900000,761384,1,6
2021-04-16,0,793.5714285714286,30.65423318207442,101.42857142857142,3.918002800949205,1.0,0.038628196629076676,-3.714285714285714,-0.14347615890799909,11.571428571428571,0.4469834181364587,50.42857142857142,1.947964772866295,0.0,0.0,1.1428571428571428,0.044146510433230486,-15.428571428571427,-0.5959778908486116,0.0,0.0,53.0,2.047294421341064,0.14285714285714285,0.005518313804153811,304.0,11.74297177523931,672.2857142857142,25.969184762347833,1.5714285714285714,0.06070145184569192,11391.142857142857,440.01930611561664,17.285714285714285,0.6677159703026111,12488.714285714284,482.41651107293023,835.0,32.25454418527903,136.0,5.253434741554429,1.0,0.038628196629076676,42.0,1.6223842584212205,-10.0,-0.3862819662907668,58.0,2.2404354044864476,0.0,0.0,1.0,0.038628196629076676,53.0,2.047294421341064,0.0,0.0,15.0,0.5794229494361501,-1.0,-0.038628196629076676,306.0,11.820228168497463,678.0,26.189917314513988,2.0,0.07725639325815335,11491.0,443.8766074647201,18.0,0.6953075393233802,12632.0,487.9513798184966,Iloilo,PH063000000,2384415,1.38,6
2021-04-16,0,2299.428571428571,69.15019490448523,105.57142857142857,3.1748256731122386,2.4285714285714284,0.07303387881313674,205.42857142857142,6.177806925487685,25.0,0.7518193407234666,262.0,7.8790666907819285,0.14285714285714285,0.0042961105184198085,0.7142857142857142,0.02148055259209904,177.7142857142857,5.344361484914241,1.5714285714285714,0.04725721570261789,55.857142857142854,1.6797792127021451,1.0,0.03007277362893866,379.1428571428571,11.401877315886171,2174.428571428571,65.3910982008679,6.571428571428571,0.1976210838473112,13378.857142857141,402.33934227105186,10.428571428571429,0.3136160678446461,16057.42857142857,482.89141449142335,2929.0,88.08315395916134,187.0,5.62360866861153,3.0,0.09021832088681599,173.0,5.202589837806388,-17.0,-0.5112371516919572,206.0,6.194991367561364,0.0,0.0,0.0,0.0,190.0,5.7138269894983456,0.0,0.0,33.0,0.9924015297549759,0.0,0.0,382.0,11.487799526254568,2713.0,81.58743485531058,12.0,0.36087328354726395,13516.0,406.463608368735,14.0,0.42101883080514124,16827.0,506.03456185415087,Negros Occidental,PH064500000,3059136,1.4,6
2021-04-16,0,17.57142857142857,9.263172660612316,0.42857142857142855,0.22593104050273943,0.0,0.0,-1.0,-0.5271724278397253,-0.14285714285714285,-0.07531034683424648,1.0,0.5271724278397253,0.0,0.0,0.14285714285714285,0.07531034683424648,-0.8571428571428571,-0.45186208100547887,0.0,0.0,1.857142857142857,0.9790345088452043,0.0,0.0,5.428571428571428,2.861793179701366,17.142857142857142,9.037241620109578,0.0,0.0,430.1428571428571,226.75945431791612,0.0,0.0,453.1428571428571,238.8844201582298,16.0,8.434758845435605,0.0,0.0,0.0,0.0,-2.0,-1.0543448556794506,-1.0,-0.5271724278397253,1.0,0.5271724278397253,0.0,0.0,0.0,0.0,-1.0,-0.5271724278397253,0.0,0.0,3.0,1.581517283519176,0.0,0.0,6.0,3.163034567038352,16.0,8.434758845435605,0.0,0.0,434.0,228.7928336824408,0.0,0.0,456.0,240.39062709491475,Guimaras,PH067900000,174613,1.39,6
2021-04-16,0,476.2857142857143,34.27976516241362,0.0,0.0,1.0,0.07197311221862487,22.0,1.5834084688097472,0.0,0.0,49.857142857142854,3.5883737377571543,0.0,0.0,0.0,0.0,22.0,1.5834084688097472,0.0,0.0,27.857142857142854,2.004965268947407,0.0,0.0,21.0,1.5114353565911223,474.2857142857143,34.13581893797637,0.0,0.0,1940.142857142857,139.63811957730636,1.0,0.07197311221862487,2437.428571428571,175.42932009631107,606.0,43.61570600448667,0.0,0.0,1.0,0.07197311221862487,67.0,4.822198518647866,0.0,0.0,67.0,4.822198518647866,0.0,0.0,0.0,0.0,67.0,4.822198518647866,0.0,0.0,0.0,0.0,0.0,0.0,21.0,1.5114353565911223,604.0,43.471759780049425,0.0,0.0,1968.0,141.64308484625374,1.0,0.07197311221862487,2595.0,186.77022620733155,Bohol,PH071200000,1313560,0.94,7
2021-04-16,0,3783.8571428571427,70.31156719647407,48.285714285714285,0.8972442976708664,15.0,0.2787297374421331,-110.42857142857142,-2.051981781359703,-1.4285714285714284,-0.026545689280203146,180.85714285714286,3.360684262873719,0.0,0.0,6.7142857142857135,0.12476473961695478,-108.85714285714285,-2.0227815231514796,0.0,0.0,284.57142857142856,5.287901304616467,-0.14285714285714285,-0.0026545689280203146,1764.4285714285713,32.78658082997891,3659.7142857142853,68.00474679802443,32.14285714285714,0.5972780088045707,44028.0,818.1275253401488,28.71428571428571,0.5335683545320832,49576.28571428571,921.2256733666019,4049.0,75.23844712687978,53.0,0.9848450722955367,15.0,0.2787297374421331,263.0,4.8870613964854,6.0,0.11149189497685322,271.0,5.035717256454537,0.0,0.0,7.0,0.13007387747299543,258.0,4.794151484004688,-1.0,-0.0185819824961422,1.0,0.0185819824961422,0.0,0.0,1787.0,33.206002720606115,3921.0,72.85995336737358,32.0,0.5946234398765504,44310.0,823.367644404061,28.0,0.5202955098919817,50146.0,931.8120942515469,Cebu,PH072200000,4632359,2.53,7
2021-04-16,0,287.7142857142857,19.766995278647826,3.0,0.20611067569593064,0.0,0.0,3.4285714285714284,0.23555505793820644,0.0,0.0,12.857142857142856,0.883331467268274,0.0,0.0,0.2857142857142857,0.019629588161517202,3.4285714285714284,0.23555505793820644,0.0,0.0,9.142857142857142,0.6281468211685505,0.0,0.0,60.857142857142854,4.181102278403165,278.7142857142857,19.148663251560034,2.0,0.13740711713062043,2096.8571428571427,144.06154751737475,4.0,0.27481423426124085,2445.428571428571,168.00964507442572,310.0,21.298103155246164,3.0,0.20611067569593064,0.0,0.0,3.0,0.20611067569593064,0.0,0.0,3.0,0.20611067569593064,0.0,0.0,0.0,0.0,3.0,0.20611067569593064,0.0,0.0,0.0,0.0,0.0,0.0,61.0,4.190917072483923,301.0,20.67977112815837,2.0,0.13740711713062043,2106.0,144.6896943385433,4.0,0.27481423426124085,2477.0,170.17871456627338,Negros Oriental,PH074600000,1354995,1.2,7
2021-04-16,0,37.0,36.16340251257057,0.0,0.0,0.0,0.0,0.2857142857142857,0.27925407345614345,0.0,0.0,1.1428571428571428,1.1170162938245738,0.0,0.0,0.0,0.0,0.2857142857142857,0.27925407345614345,0.0,0.0,0.8571428571428571,0.8377622203684303,0.0,0.0,2.0,1.9547785141930039,37.0,36.16340251257057,0.0,0.0,92.14285714285714,90.05943868960625,0.0,0.0,131.14285714285714,128.17761971636983,39.0,38.11818102676358,0.0,0.0,0.0,0.0,0.0,0.0,0.0,0.0,0.0,0.0,0.0,0.0,0.0,0.0,0.0,0.0,0.0,0.0,0.0,0.0,0.0,0.0,2.0,1.9547785141930039,39.0,38.11818102676358,0.0,0.0,93.0,90.89720090997469,0.0,0.0,134.0,130.97016045093127,Siquijor,PH076100000,95984,1.07,7
2021-04-16,0,36.857142857142854,7.241033770889165,16.285714285714285,3.19952654992777,0.0,0.0,-0.7142857142857142,-0.1403301118389373,-0.7142857142857142,-0.1403301118389373,1.5714285714285714,0.30872624604566207,0.0,0.0,0.0,0.0,0.0,0.0,0.0,0.0,2.2857142857142856,0.4490563578845993,0.0,0.0,29.0,5.697402540660855,20.57142857142857,4.041507220961393,0.0,0.0,1263.4285714285713,248.21590182071228,0.0,0.0,1329.2857142857142,261.1543381322623,35.0,6.876175480107928,13.0,2.5540080354686587,0.0,0.0,2.0,0.39292431314902443,0.0,0.0,2.0,0.39292431314902443,0.0,0.0,0.0,0.0,2.0,0.39292431314902443,0.0,0.0,0.0,0.0,0.0,0.0,29.0,5.697402540660855,22.0,4.322167444639269,0.0,0.0,1268.0,249.1140145364815,0.0,0.0,1332.0,261.68759255725024,Eastern Samar,PH082600000,467160,1.44,8
2021-04-16,0,419.71428571428567,19.33303270779435,176.42857142857142,8.126717288674618,0.0,0.0,2.571428571428571,0.11844608194019685,-0.5714285714285714,-0.026321351542265968,29.142857142857142,1.3423889286555641,0.0,0.0,0.7142857142857142,0.032901689427832455,3.142857142857143,0.14476743348246282,0.0,0.0,25.857142857142854,1.1910411572875348,0.0,0.0,120.85714285714285,5.566965851189251,242.28571428571428,11.16025305392077,0.0,0.0,9097.42857142857,419.04907722864533,1.0,0.04606236519896544,9638.0,443.94907578762894,459.0,21.142625626325138,194.0,8.936098848599295,0.0,0.0,36.0,1.6582451471627562,26.0,1.1976214951731017,36.0,1.6582451471627562,0.0,0.0,0.0,0.0,10.0,0.46062365198965444,0.0,0.0,0.0,0.0,0.0,0.0,124.0,5.711733284671715,264.0,12.160464412526878,0.0,0.0,9145.0,421.24032974453894,1.0,0.04606236519896544,9728.0,448.09468865553583,Leyte,PH083700000,1966768,1.66,8
2021-04-16,0,44.285714285714285,6.389446821726278,12.142857142857142,1.7519450962797858,0.0,0.0,0.14285714285714285,0.020611118779762187,0.5714285714285714,0.08244447511904875,2.714285714285714,0.39161125681548153,0.0,0.0,0.14285714285714285,0.020611118779762187,-0.42857142857142855,-0.061833356339286556,0.0,0.0,2.4285714285714284,0.35038901925595717,0.0,0.0,23.285714285714285,3.3596123611012363,30.142857142857142,4.348946062529822,0.0,0.0,1440.0,207.76007730000282,2.0,0.2885556629166706,1507.5714285714284,217.50913648283034,49.0,7.06961374145843,16.0,2.308445303333365,0.0,0.0,0.0,0.0,4.0,0.5771113258333412,2.0,0.2885556629166706,0.0,0.0,0.0,0.0,-4.0,-0.5771113258333412,0.0,0.0,2.0,0.2885556629166706,0.0,0.0,24.0,3.4626679550000476,31.0,4.472612775208395,0.0,0.0,1444.0,208.3371886258362,2.0,0.2885556629166706,1517.0,218.86947032229466,Northern Samar,PH084800000,632379,1.54,8
2021-04-16,0,128.0,15.17717572094513,52.0,6.165727636633958,0.0,0.0,3.714285714285714,0.4404091169024256,2.2857142857142856,0.2710209950168773,10.857142857142856,1.2873497263301672,0.0,0.0,0.14285714285714285,0.016938812188554832,1.4285714285714284,0.1693881218855483,0.0,0.0,7.0,0.8300017972391869,0.0,0.0,55.285714285714285,6.55532031697072,76.0,9.011448084311171,0.0,0.0,3732.7142857142853,442.5942236747492,0.0,0.0,3916.0,464.32671971266507,140.0,16.600035944783734,64.0,7.588587860472565,0.0,0.0,5.0,0.5928584265994191,14.0,1.6600035944783738,5.0,0.5928584265994191,0.0,0.0,0.0,0.0,-9.0,-1.0671451678789545,0.0,0.0,0.0,0.0,0.0,0.0,56.0,6.640014377913495,76.0,9.011448084311171,0.0,0.0,3748.0,444.40667657892465,0.0,0.0,3944.0,467.64672690162183,Samar,PH086000000,780481,1.3,8
2021-04-16,0,56.285714285714285,12.542469836621889,19.71428571428571,4.3930478107964985,0.0,0.0,1.857142857142857,0.4138378372489455,1.1428571428571428,0.2546694383070434,5.285714285714286,1.1778461521700758,0.0,0.0,0.0,0.0,0.7142857142857142,0.15916839894190213,0.0,0.0,3.4285714285714284,0.7640083149211303,0.0,0.0,13.0,2.896864860742619,36.57142857142857,8.14942202582539,0.0,0.0,967.7142857142857,215.64134688648903,0.0,0.0,1037.0,231.08068158385356,68.0,15.152831579269083,28.0,6.239401238522564,0.0,0.0,13.0,2.896864860742619,8.0,1.782686068149304,13.0,2.896864860742619,0.0,0.0,0.0,0.0,5.0,1.114178792593315,0.0,0.0,0.0,0.0,0.0,0.0,13.0,2.896864860742619,40.0,8.91343034074652,0.0,0.0,974.0,217.04202879717778,0.0,0.0,1055.0,235.09172523718948,Southern Leyte,PH086400000,421750,1.04,8
2021-04-16,0,23.57142857142857,12.688491573464743,3.714285714285714,1.9993986721823234,0.0,0.0,1.857142857142857,0.9996993360911617,1.5714285714285714,0.845899438230983,3.0,1.6148989275318766,0.0,0.0,0.14285714285714285,0.07689994893008936,0.2857142857142857,0.15379989786017872,0.0,0.0,1.0,0.5382996425106256,0.0,0.0,4.285714285714286,2.3069984679026807,19.857142857142858,10.689092901282423,0.0,0.0,357.0,192.17297237629333,0.0,0.0,384.85714285714283,207.16846241766075,32.0,17.225588560340018,11.0,5.921296067616881,0.0,0.0,6.0,3.229797855063753,5.0,2.6914982125531277,6.0,3.229797855063753,0.0,0.0,0.0,0.0,1.0,0.5382996425106256,0.0,0.0,0.0,0.0,0.0,0.0,5.0,2.6914982125531277,21.0,11.304292492723137,0.0,0.0,358.0,192.71127201880395,0.0,0.0,395.0,212.62835879169708,Biliran,PH087800000,171612,1.33,8
2021-04-16,0,146.28571428571428,13.337743521407631,0.0,0.0,0.0,0.0,8.0,0.72940784882698,0.0,0.0,12.428571428571427,1.1331871937133438,0.0,0.0,0.2857142857142857,0.02605028031524928,8.0,0.72940784882698,0.0,0.0,4.142857142857142,0.3777290645711146,0.0,0.0,28.285714285714285,2.5789777512096794,146.28571428571428,13.337743521407631,0.0,0.0,778.2857142857142,70.96096357873904,0.0,0.0,952.8571428571428,86.87768485135636,180.0,16.41167659860705,0.0,0.0,0.0,0.0,17.0,1.5499916787573327,0.0,0.0,17.0,1.5499916787573327,0.0,0.0,2.0,0.182351962206745,17.0,1.5499916787573327,0.0,0.0,-2.0,-0.182351962206745,0.0,0.0,30.0,2.7352794331011747,180.0,16.41167659860705,0.0,0.0,781.0,71.20844124173392,0.0,0.0,991.0,90.35539727344214,Zamboanga del Norte,PH097200000,1011393,1.36,9
2021-04-16,0,700.1428571428571,33.556182071319995,11.857142857142856,0.5682846586246806,6.0,0.2875657308703203,49.285714285714285,2.3621470750062024,0.5714285714285714,0.02738721246384003,66.85714285714285,3.204303858269283,0.0,0.0,1.1428571428571428,0.05477442492768006,48.42857142857142,2.3210662563104423,0.2857142857142857,0.013693606231920015,16.428571428571427,0.7873823583354007,0.0,0.0,231.0,11.071280638507332,671.0,32.15943423566416,1.2857142857142856,0.06162122804364006,6074.285714285714,291.1260684906195,10.0,0.4792762181172005,7005.428571428571,335.7535312004468,887.0,42.51180054699569,14.0,0.6709867053640807,6.0,0.2875657308703203,58.0,2.7798020650797626,1.0,0.04792762181172005,60.0,2.875657308703203,0.0,0.0,2.0,0.0958552436234401,57.0,2.7318744432680426,0.0,0.0,0.0,0.0,0.0,0.0,236.0,11.310918747565932,855.0,40.97811664902064,2.0,0.0958552436234401,6090.0,291.8792168333751,10.0,0.4792762181172005,7213.0,345.70193612793673,Zamboanga del Sur,PH097300000,1872473,1.82,9
2021-04-16,0,50.285714285714285,7.220880690376739,0.0,0.0,0.0,0.0,3.142857142857143,0.4513050431485462,0.0,0.0,4.428571428571428,0.6359298335274968,0.0,0.0,0.14285714285714285,0.02051386559766119,3.142857142857143,0.4513050431485462,0.0,0.0,1.1428571428571428,0.16411092478128952,0.0,0.0,10.428571428571429,1.4975121886292668,48.285714285714285,6.933686572009483,0.0,0.0,518.8571428571428,74.50635985070544,2.0,0.28719411836725667,579.5714285714286,83.22475272971144,63.0,9.046614728568585,0.0,0.0,0.0,0.0,7.0,1.0051794142853983,0.0,0.0,7.0,1.0051794142853983,0.0,0.0,0.0,0.0,7.0,1.0051794142853983,0.0,0.0,0.0,0.0,0.0,0.0,11.0,1.5795676510199117,61.0,8.759420610201328,0.0,0.0,520.0,74.67047077548673,2.0,0.28719411836725667,594.0,85.29665315507523,Zamboanga Sibugay,PH098300000,633129,1.6,9
2021-04-16,0,23.71428571428571,17.721812977890302,0.8571428571428571,0.6405474570321796,0.0,0.0,0.7142857142857142,0.5337895475268163,0.14285714285714285,0.10675790950536326,1.5714285714285714,1.174337004558996,0.0,0.0,0.0,0.0,0.5714285714285714,0.42703163802145305,0.0,0.0,0.8571428571428571,0.6405474570321796,0.0,0.0,8.0,5.978442932300343,22.857142857142854,17.08126552085812,0.0,0.0,258.1428571428571,192.9115424761914,0.0,0.0,289.85714285714283,216.61179838638208,26.0,19.429939529976117,1.0,0.7473053665375429,0.0,0.0,2.0,1.4946107330750857,0.0,0.0,2.0,1.4946107330750857,0.0,0.0,0.0,0.0,2.0,1.4946107330750857,0.0,0.0,0.0,0.0,0.0,0.0,8.0,5.978442932300343,25.0,18.68263416343857,0.0,0.0,259.0,193.5520899332236,0.0,0.0,293.0,218.9604723955001,City of Isabela,PH099700000,112788,2.89,9
2021-04-16,0,273.2857142857143,17.238136756394887,0.0,0.0,0.0,0.0,-4.142857142857142,-0.26132042129401545,0.0,0.0,14.714285714285714,0.9281380480442619,0.0,0.0,0.42857142857142855,0.027033147030415396,-4.142857142857142,-0.26132042129401545,0.0,0.0,18.428571428571427,1.162425322307862,0.0,0.0,42.57142857142857,2.685292605021263,271.2857142857143,17.111982070252946,0.0,0.0,2281.5714285714284,143.91546374092144,2.0,0.12615468614193853,2597.428571428571,163.83889310233758,289.0,18.229352147510117,0.0,0.0,0.0,0.0,6.0,0.3784640584258156,0.0,0.0,7.0,0.44154140149678484,0.0,0.0,1.0,0.06307734307096927,6.0,0.3784640584258156,0.0,0.0,0.0,0.0,0.0,0.0,44.0,2.775403095122648,287.0,18.10319746136818,0.0,0.0,2300.0,145.07788906322932,2.0,0.12615468614193853,2633.0,166.0826443058621,Bukidnon,PH101300000,1415226,1.91,10
2021-04-16,0,19.142857142857142,20.189173360322073,0.0,0.0,0.0,0.0,0.42857142857142855,0.4519964185146733,0.0,0.0,1.0,1.054658309867571,0.0,0.0,0.0,0.0,0.42857142857142855,0.4519964185146733,0.0,0.0,0.5714285714285714,0.6026618913528977,0.0,0.0,0.0,0.0,19.142857142857142,20.189173360322073,0.0,0.0,123.42857142857142,130.1749685322259,0.0,0.0,142.57142857142856,150.36414189254796,21.0,22.147824507218992,0.0,0.0,0.0,0.0,1.0,1.054658309867571,0.0,0.0,1.0,1.054658309867571,0.0,0.0,0.0,0.0,1.0,1.054658309867571,0.0,0.0,0.0,0.0,0.0,0.0,0.0,0.0,21.0,22.147824507218992,0.0,0.0,124.0,130.7776304235788,0.0,0.0,145.0,152.9254549307978,Camiguin,PH101800000,88478,1.16,10
2021-04-16,0,159.42857142857142,14.06551842194337,0.14285714285714285,0.01260351113077363,1.0,0.08822457791541541,3.4285714285714284,0.30248426713856713,-0.14285714285714285,-0.01260351113077363,11.0,0.9704703570695695,0.0,0.0,0.5714285714285714,0.05041404452309452,3.571428571428571,0.3150877782693407,0.0,0.0,7.0,0.6175720454079079,0.0,0.0,85.42857142857143,7.53689965620263,157.28571428571428,13.876465754981767,0.0,0.0,2293.0,202.29895716004754,1.0,0.08822457791541541,2537.8571428571427,223.9013752381935,184.0,16.233322336436434,0.0,0.0,1.0,0.08822457791541541,7.0,0.6175720454079079,0.0,0.0,8.0,0.7057966233233233,0.0,0.0,1.0,0.08822457791541541,7.0,0.6175720454079079,0.0,0.0,0.0,0.0,0.0,0.0,87.0,7.675538278641141,182.0,16.056873180605603,0.0,0.0,2300.0,202.91652920545545,1.0,0.08822457791541541,2571.0,226.825389820533,Lanao del Norte,PH103500000,1019013,1.79,10
2021-04-16,0,146.42857142857142,22.372304144894287,0.0,0.0,0.0,0.0,-2.4285714285714284,-0.371052849232393,0.0,0.0,7.285714285714286,1.1131585476971793,0.0,0.0,0.0,0.0,-2.4285714285714284,-0.371052849232393,0.0,0.0,9.714285714285714,1.484211396929572,0.0,0.0,34.0,5.194739889253503,144.42857142857142,22.066731210232316,1.0,0.1527864673309854,1711.2857142857142,261.4612988796963,1.0,0.1527864673309854,1891.7142857142856,289.028342913844,162.0,24.751407707619634,0.0,0.0,0.0,0.0,15.0,2.291797009964781,0.0,0.0,15.0,2.291797009964781,0.0,0.0,0.0,0.0,15.0,2.291797009964781,0.0,0.0,0.0,0.0,0.0,0.0,34.0,5.194739889253503,160.0,24.44583477295766,1.0,0.1527864673309854,1721.0,262.94551027662584,1.0,0.1527864673309854,1917.0,292.89165787349896,Misamis Occidental,PH104200000,602126,1.4,10
2021-04-16,0,552.0,30.910407245838808,0.14285714285714285,0.007999587796542133,1.0,0.05599711457579494,12.285714285714285,0.6879645505026235,-0.14285714285714285,-0.007999587796542133,33.285714285714285,1.8639039565943176,0.0,0.0,0.2857142857142857,0.015999175593084267,12.285714285714285,0.6879645505026235,0.14285714285714285,0.007999587796542133,20.71428571428571,1.1599402304986095,0.0,0.0,153.0,8.567558530096628,539.8571428571428,30.230442283132724,6.0,0.33598268745476967,6245.428571428571,349.725979289229,5.0,0.27998557287897474,6950.428571428571,389.2039450651644,622.0,34.83020526614446,0.0,0.0,1.0,0.05599711457579494,30.0,1.6799134372738485,0.0,0.0,30.0,1.6799134372738485,0.0,0.0,0.0,0.0,30.0,1.6799134372738485,0.0,0.0,0.0,0.0,0.0,0.0,153.0,8.567558530096628,610.0,34.15823989123491,6.0,0.33598268745476967,6268.0,350.9899141610827,5.0,0.27998557287897474,7043.0,394.38767795732383,Misamis Oriental,PH104300000,1564459,2.23,10
2021-04-16,0,380.71428571428567,33.12644905993202,5.142857142857142,0.4474867415225338,2.0,0.17402262170320762,-2.2857142857142856,-0.19888299623223726,5.142857142857142,0.4474867415225338,24.142857142857142,2.1007016477030063,0.0,0.0,1.4285714285714284,0.12430187264514828,-7.571428571428571,-0.6587999250192859,0.14285714285714285,0.012430187264514829,25.0,2.1752827712900955,0.0,0.0,95.14285714285714,8.278504718166875,368.2857142857143,32.04502276791923,0.2857142857142857,0.024860374529029658,3435.428571428571,298.92114333705257,5.0,0.43505655425801903,3911.285714285714,340.3260971151515,375.0,32.62924156935143,36.0,3.1324071906577373,2.0,0.17402262170320762,1.0,0.08701131085160381,36.0,3.1324071906577373,17.0,1.4791922844772647,0.0,0.0,0.0,0.0,-35.0,-3.0453958798061334,0.0,0.0,16.0,1.392180973625661,0.0,0.0,99.0,8.614119774308778,331.0,28.80074389188086,1.0,0.08701131085160381,3507.0,305.14866715657456,5.0,0.43505655425801903,3981.0,346.3920285002348,Davao del Norte,PH112300000,1016332,2.07,11
2021-04-16,0,655.0,25.793222205984684,11.571428571428571,0.4556708830283009,34.0,1.3388848167992051,13.428571428571427,0.5288032469711145,3.2857142857142856,0.12938802851420889,48.57142857142857,1.9126925954274359,0.0,0.0,1.857142857142857,0.07313236394281371,9.857142857142856,0.38816408554262666,0.14285714285714285,0.005625566457139517,33.285714285714285,1.3107569845135074,0.14285714285714285,0.005625566457139517,601.4285714285714,23.683634784557366,579.7142857142857,22.828548683072157,0.2857142857142857,0.011251132914279033,15219.142857142857,599.3140969449013,29.428571428571427,1.1588666901707405,16475.571428571428,648.7909539354433,701.0,27.604654605183608,29.0,1.141989990799322,34.0,1.3388848167992051,20.0,0.7875793039995325,20.0,0.7875793039995325,32.0,1.2601268863992519,0.0,0.0,0.0,0.0,1.0,0.03937896519997662,0.0,0.0,12.0,0.4725475823997194,-1.0,-0.03937896519997662,607.0,23.903031876385807,607.0,23.903031876385807,1.0,0.03937896519997662,15289.0,602.0649989424426,30.0,1.1813689559992986,16597.0,653.5726854240119,Davao del Sur,PH112400000,2265579,1.92,11
2021-04-16,0,77.42857142857143,12.676009475867602,0.2857142857142857,0.0467749427153786,0.0,0.0,-2.4285714285714284,-0.3975870130807181,0.2857142857142857,0.0467749427153786,4.285714285714286,0.701624140730679,0.0,0.0,0.0,0.0,-2.714285714285714,-0.4443619557960966,0.0,0.0,6.7142857142857135,1.099211153811397,0.0,0.0,22.0,3.601670589084152,77.14285714285714,12.629234533152221,0.0,0.0,1346.5714285714284,220.45030501757932,0.0,0.0,1446.0,236.72798508253106,69.0,11.296148665763932,2.0,0.3274245990076502,0.0,0.0,-6.0,-0.9822737970229506,2.0,0.3274245990076502,6.0,0.9822737970229506,0.0,0.0,0.0,0.0,-8.0,-1.3096983960306008,0.0,0.0,12.0,1.9645475940459012,0.0,0.0,22.0,3.601670589084152,67.0,10.968724066756282,0.0,0.0,1364.0,223.30357652321746,0.0,0.0,1455.0,238.20139577806552,Davao Oriental,PH112500000,558958,1.49,11
2021-04-16,0,99.0,12.249025315527783,0.2857142857142857,0.03535072241133559,1.0,0.12372752843967459,-1.1428571428571428,-0.14140288964534237,0.2857142857142857,0.03535072241133559,7.0,0.8660926990777221,0.0,0.0,1.1428571428571428,0.14140288964534237,-1.2857142857142856,-0.15907825085101016,0.0,0.0,7.0,0.8660926990777221,-0.14285714285714285,-0.017675361205667796,37.14285714285714,4.595593913473627,96.57142857142857,11.948544175031431,0.0,0.0,1338.5714285714284,165.61813449710726,1.1428571428571428,0.14140288964534237,1474.7142857142856,182.46275372610867,100.0,12.372752843967458,2.0,0.24745505687934918,1.0,0.12372752843967459,1.0,0.12372752843967459,2.0,0.24745505687934918,6.0,0.7423651706380475,0.0,0.0,0.0,0.0,0.0,0.0,0.0,0.0,5.0,0.6186376421983729,-1.0,-0.12372752843967459,40.0,4.949101137586983,96.0,11.87784273020876,0.0,0.0,1354.0,167.5270735073194,1.0,0.12372752843967459,1494.0,184.84892748887384,Davao de Oro,PH118200000,736107,1.57,11
2021-04-16,0,5.0,1.4506335084394284,0.0,0.0,0.0,0.0,0.5714285714285714,0.1657866866787918,0.0,0.0,0.7142857142857142,0.20723335834848974,0.0,0.0,0.0,0.0,0.5714285714285714,0.1657866866787918,0.0,0.0,0.14285714285714285,0.04144667166969795,0.0,0.0,5.0,1.4506335084394284,5.0,1.4506335084394284,0.0,0.0,222.85714285714283,64.6568078047288,0.0,0.0,232.85714285714283,67.55807482160766,7.0,2.0308869118151995,0.0,0.0,0.0,0.0,0.0,0.0,0.0,0.0,0.0,0.0,0.0,0.0,0.0,0.0,0.0,0.0,0.0,0.0,0.0,0.0,0.0,0.0,5.0,1.4506335084394284,7.0,2.0308869118151995,0.0,0.0,223.0,64.6982544763985,0.0,0.0,235.0,68.17977489665313,Davao Occidental,PH118600000,316342,1.44,11
2021-04-16,0,155.28571428571428,9.756136068802599,1.0,0.06282700320296063,1.0,0.06282700320296063,4.714285714285714,0.2961844436711001,0.0,0.0,12.428571428571427,0.7808498969510819,0.0,0.0,1.1428571428571428,0.07180228937481214,4.857142857142857,0.3051597298429516,-0.14285714285714285,-0.008975286171851518,6.571428571428571,0.41286316390516975,0.0,0.0,41.285714285714285,2.5938577036650883,147.85714285714286,9.28942118786632,4.428571428571428,0.278233871327397,1165.0,73.19345873144913,1.0,0.06282700320296063,1361.5714285714284,85.5434525039168,183.0,11.497341586141793,1.0,0.06282700320296063,1.0,0.06282700320296063,11.0,0.6910970352325668,0.0,0.0,11.0,0.6910970352325668,0.0,0.0,0.0,0.0,11.0,0.6910970352325668,0.0,0.0,0.0,0.0,0.0,0.0,43.0,2.7015611377273068,176.0,11.05755256372107,4.0,0.2513080128118425,1172.0,73.63324775386985,1.0,0.06282700320296063,1398.0,87.83215047773895,Cotabato,PH124700000,1379747,2.41,12
2021-04-16,0,316.85714285714283,18.472792528952592,6.0,0.3498003995563611,0.0,0.0,10.714285714285714,0.624643570636359,0.5714285714285714,0.03331432376727248,27.0,1.574101798003625,0.0,0.0,0.8571428571428571,0.04997148565090873,10.142857142857142,0.5913292468690865,0.0,0.0,15.428571428571427,0.899486741716357,0.0,0.0,125.0,7.287508324090856,304.85714285714283,17.77319172983987,4.0,0.2332002663709074,4055.285714285714,236.423427195391,2.0,0.1166001331854537,4497.142857142857,262.1837280484345,386.0,22.503825704792565,6.0,0.3498003995563611,0.0,0.0,44.0,2.5652029300799812,0.0,0.0,44.0,2.5652029300799812,0.0,0.0,0.0,0.0,44.0,2.5652029300799812,0.0,0.0,0.0,0.0,0.0,0.0,126.0,7.345808390683582,374.0,21.804224905679842,4.0,0.2332002663709074,4072.0,237.39787116558372,2.0,0.1166001331854537,4584.0,267.24750526105987,South Cotabato,PH126300000,1509735,2.15,12
2021-04-16,0,105.57142857142857,11.435476250187824,5.571428571428571,0.6034960402670164,0.0,0.0,4.428571428571428,0.47970198072506426,0.7142857142857142,0.07737128721372005,6.857142857142857,0.7427643572517124,0.0,0.0,0.2857142857142857,0.03094851488548802,3.8571428571428568,0.41780495095408826,-0.14285714285714285,-0.01547425744274401,2.142857142857143,0.23211386164116016,0.0,0.0,16.857142857142858,1.8259623782437933,98.85714285714285,10.708186150378854,1.1428571428571428,0.12379405954195208,699.4285714285714,75.76196443967467,0.0,0.0,821.8571428571428,89.02340306810629,123.0,13.323335658202595,7.0,0.7582386146944565,0.0,0.0,4.0,0.4332792083968323,0.0,0.0,4.0,0.4332792083968323,0.0,0.0,0.0,0.0,4.0,0.4332792083968323,0.0,0.0,0.0,0.0,0.0,0.0,17.0,1.8414366356865373,115.0,12.45677724140893,1.0,0.10831980209920808,702.0,76.04050107364408,0.0,0.0,842.0,91.2052733675332,Sultan Kudarat,PH126500000,812095,2.16,12
2021-04-16,0,46.42857142857142,7.63758531703561,0.0,0.0,0.0,0.0,1.5714285714285714,0.258502887653513,0.0,0.0,4.428571428571428,0.7285081379326275,0.0,0.0,0.0,0.0,1.5714285714285714,0.258502887653513,0.0,0.0,2.8571428571428568,0.4700052502791145,0.0,0.0,17.0,2.7965312391607315,45.42857142857142,7.473083479437921,0.0,0.0,625.1428571428571,102.83714876107027,1.0,0.16450183759769008,688.5714285714286,113.27126531726661,53.0,8.718597392677575,0.0,0.0,0.0,0.0,5.0,0.8225091879884504,0.0,0.0,5.0,0.8225091879884504,0.0,0.0,0.0,0.0,5.0,0.8225091879884504,0.0,0.0,0.0,0.0,0.0,0.0,17.0,2.7965312391607315,52.0,8.554095555079885,0.0,0.0,628.0,103.30715401134938,1.0,0.16450183759769008,698.0,114.82228264318769,Sarangani,PH128000000,544261,1.86,12
2021-04-16,0,68.85714285714285,18.142222708619734,1.857142857142857,0.48931306060592644,0.0,0.0,0.2857142857142857,0.07527893240091175,0.14285714285714285,0.03763946620045588,5.0,1.3173813170159558,0.0,0.0,0.7142857142857142,0.1881973310022794,0.14285714285714285,0.03763946620045588,0.0,0.0,4.0,1.0539050536127648,0.0,0.0,45.14285714285714,11.894071319344057,62.0,16.335528330997853,0.0,0.0,1242.0,327.2375191467634,5.0,1.3173813170159558,1356.0,357.27381317472725,79.0,20.814624808852102,2.0,0.5269525268063824,0.0,0.0,5.0,1.3173813170159558,0.0,0.0,5.0,1.3173813170159558,0.0,0.0,0.0,0.0,5.0,1.3173813170159558,0.0,0.0,0.0,0.0,0.0,0.0,46.0,12.119908116546794,72.0,18.970290965029765,0.0,0.0,1246.0,328.29142420037624,5.0,1.3173813170159558,1371.0,361.2259571257751,Cotabato City,PH129800000,299438,4.03,BARMM
2021-04-16,0,12664.857142857141,679.044225822864,721.7142857142857,38.69573204657556,80.0,4.289313132637037,-60.285714285714285,-3.2323038249514813,95.85714285714285,5.139516271427592,654.8571428571428,35.11109178572888,0.0,0.0,12.0,0.6433969698955555,-156.42857142857142,-8.387139071852777,0.5714285714285714,0.030637950947407407,703.1428571428571,37.69999864078481,-0.2857142857142857,-0.015318975473703703,913.1428571428571,48.95944561395703,11768.714285714284,630.9962592495923,36.42857142857142,1.953169372897222,39338.42857142857,2109.1854786091576,58.0,3.1097520211618517,52916.428571428565,2837.1891500459783,13751.0,737.2793110861487,742.0,39.78337930520852,80.0,4.289313132637037,668.0,35.81576465751926,7.0,0.37531489910574073,682.0,36.56639445573074,0.0,0.0,4.0,0.21446565663185185,661.0,35.44044975841352,1.0,0.05361641415796296,10.0,0.5361641415796297,-1.0,-0.05361641415796296,937.0,50.23858006601129,12835.0,688.1666757174546,36.0,1.9301909096866667,40061.0,2147.927167582154,58.0,3.1097520211618517,54749.0,2935.4450587343144,City of Manila,PH133900000,1780148,0.78,NCR
2021-04-16,0,4160.571428571428,946.923504152744,6.285714285714286,1.4305944987886532,6.0,1.3655674761164418,5.857142857142857,1.3330539647803359,-0.14285714285714285,-0.032513511336105756,229.0,52.119158671777534,0.0,0.0,2.571428571428571,0.5852432040499036,5.571428571428571,1.2680269421081245,0.0,0.0,220.57142857142856,50.200861502947284,0.42857142857142855,0.09754053400831726,210.28571428571428,47.859888686747674,4128.714285714285,939.6729911247924,0.0,0.0,11510.0,2619.613608350041,19.57142857142857,4.454351053046489,15880.857142857141,3614.397001189532,4531.0,1031.2310390472662,6.0,1.3655674761164418,6.0,1.3655674761164418,232.0,52.801942409835746,0.0,0.0,234.0,53.257131568541226,0.0,0.0,0.0,0.0,232.0,52.801942409835746,0.0,0.0,2.0,0.4551891587054806,0.0,0.0,215.0,48.93283456083917,4498.0,1023.7204179286259,0.0,0.0,11782.0,2681.519333933986,21.0,4.779486166407546,16528.0,3761.6832075420916,City of Mandaluyong,PH137401000,386276,2.17,NCR
2021-04-16,0,3210.5714285714284,673.804074945947,7.571428571428571,1.5890191319807419,9.0,1.888834062543146,-61.285714285714285,-12.862060521127137,-0.2857142857142857,-0.059962986112480826,146.28571428571428,30.701048889590183,0.0,0.0,2.0,0.41974090278736575,-61.14285714285714,-12.832079028070895,0.0,0.0,205.57142857142856,43.14336850792995,0.14285714285714285,0.029981493056240413,241.0,50.578778785877574,3154.285714285714,661.9913666817882,16.0,3.357927222298926,10602.285714285714,2225.1064886619383,23.71428571428571,4.976927847335908,14053.857142857141,2949.4893423937624,3471.0,728.4603367874734,8.0,1.678963611149463,9.0,1.888834062543146,162.0,33.99901312577663,1.0,0.20987045139368288,163.0,34.20888357717031,0.0,0.0,0.0,0.0,161.0,33.789142674382944,0.0,0.0,1.0,0.20987045139368288,0.0,0.0,243.0,50.998519688664935,3413.0,716.2878506066397,16.0,3.357927222298926,10809.0,2268.4897091143184,25.0,5.246761284842073,14523.0,3047.9485655904564,City of Marikina,PH137402000,450741,0.93,NCR
2021-04-16,0,6757.0,763.7884067441515,36.14285714285714,4.085466223519955,34.0,3.8432449059199576,182.28571428571428,20.60496008383977,12.142857142857142,1.3725874663999846,465.0,52.562025919199414,0.0,0.0,5.0,0.5651830743999937,170.0,19.21622452959979,0.14285714285714285,0.01614808783999982,277.7142857142857,31.391882760959653,0.0,0.0,515.1428571428571,58.23000475103935,6665.142857142857,753.4051862630316,5.7142857142857135,0.6459235135999928,18023.42857142857,2037.3073542457369,16.0,1.80858583807998,25295.571428571428,2859.325765740928,7822.0,884.1724015913502,106.0,11.981881177279867,34.0,3.8432449059199576,464.0,52.44898930431941,70.0,7.9125630415999115,470.0,53.12720899359942,0.0,0.0,7.0,0.7912563041599913,394.0,44.53642626271951,0.0,0.0,-1.0,-0.11303661487999875,0.0,0.0,528.0,59.68333265663934,7660.0,865.8604699807904,6.0,0.6782196892799924,18301.0,2068.683088918857,16.0,1.80858583807998,26651.0,3012.5388231668467,City of Pasig,PH137403000,755300,2.67,NCR
2021-04-16,0,18521.85714285714,560.4872914813748,69.0,2.087999211630306,124.42857142857142,3.765315348509309,198.42857142857142,6.0046188508374625,12.428571428571427,0.37609923687750846,1102.857142857143,33.3734035482111,-0.14285714285714285,-0.0043229797342242355,14.714285714285714,0.44526691262509627,185.0,5.598258755820385,1.0,0.03026085813956965,889.7142857142857,26.923517784748537,0.14285714285714285,0.0043229797342242355,1095.857142857143,33.16157754123411,18151.142857142855,549.2691590710629,88.28571428571428,2.6716014757505775,56871.57142857143,1720.9825551744023,89.0,2.693216374421699,76489.28571428571,2314.6314241970113,20826.0,630.2126316146775,140.0,4.236520139539751,124.0,3.7523464093066363,887.0,26.841381169798282,20.0,0.605217162791393,993.0,30.049032132592664,0.0,0.0,13.0,0.3933911558144054,866.0,26.205903148867318,1.0,0.03026085813956965,93.0,2.8142598069799774,0.0,0.0,1132.0,34.25529141399284,20382.0,616.7768106007087,90.0,2.7234772325612684,57901.0,1752.1339471392225,90.0,2.7234772325612684,79859.0,2416.6018701678927,Quezon City,PH137404000,2936116,1.99,NCR
2021-04-16,0,2001.7142857142856,1613.9708256111667,20.71428571428571,16.70181057048381,1.0,0.8062943034026668,57.14285714285714,46.0739601944381,-16.428571428571427,-13.246263555900955,141.85714285714286,114.3786061826926,0.0,0.0,0.5714285714285714,0.460739601944381,73.57142857142857,59.32022375033906,0.0,0.0,84.14285714285714,67.84390638631011,0.0,0.0,115.71428571428571,93.29976939373717,1963.0,1582.755717579435,10.0,8.062943034026668,5212.0,4202.4059093347,7.0,5.644060123818668,7329.428571428571,5909.6765043396035,2305.0,1858.508369343147,5.0,4.031471517013334,1.0,0.8062943034026668,68.0,54.82801263138134,0.0,0.0,68.0,54.82801263138134,0.0,0.0,0.0,0.0,68.0,54.82801263138134,0.0,0.0,0.0,0.0,0.0,0.0,116.0,93.53013919470935,2282.0,1839.9636003648857,10.0,8.062943034026668,5296.0,4270.134630820523,7.0,5.644060123818668,7717.0,6222.17313935838,City of San Juan,PH137405000,122180,0.25,NCR
2021-04-16,0,6785.285714285714,381.27649575086366,14.142857142857142,0.7947106781341032,43.57142857142857,2.448351079100015,79.57142857142857,4.471250987077733,0.14285714285714285,0.008027380587213164,397.57142857142856,22.34020017421424,-0.14285714285714285,-0.008027380587213164,4.714285714285714,0.26490355937803445,79.42857142857143,4.46322360649052,0.0,0.0,313.2857142857143,17.60404562775847,0.14285714285714285,0.008027380587213164,500.0,28.095832055246074,6676.857142857142,375.1837138851689,18.0,1.0114499539888588,19942.285714285714,1120.590220452609,32.714285714285715,1.838270154471815,27227.571428571428,1529.9625482587187,7544.0,423.9099140495528,19.0,1.0676416180993509,43.0,2.416241556751163,484.0,27.196765429478205,3.0,0.16857499233147646,489.0,27.477723750030666,0.0,0.0,2.0,0.1123833282209843,481.0,27.02819043714673,0.0,0.0,3.0,0.16857499233147646,0.0,0.0,509.0,28.601557032240507,7430.0,417.50406434095675,18.0,1.0114499539888588,20258.0,1138.33073155035,34.0,1.9105165797567334,28311.0,1590.8422026321432,Caloocan City,PH137501000,1583978,1.96,NCR
2021-04-16,0,2190.0,581.4744793799468,3.571428571428571,0.9482623603717332,26.0,6.903349983506219,-3.8571428571428568,-1.0241233492014719,-0.2857142857142857,-0.07586098882973866,126.71428571428571,33.6443485459891,0.0,0.0,1.4285714285714284,0.37930494414869326,-3.571428571428571,-0.9482623603717332,0.0,0.0,129.14285714285714,34.28916695104187,0.0,0.0,215.57142857142856,57.23711607203782,2139.428571428571,568.047084357083,5.0,1.3275673045204266,9456.857142857143,2510.92286927552,16.0,4.248215374465365,11862.42857142857,3149.634464727504,2423.0,643.3391157705987,5.0,1.3275673045204266,26.0,6.903349983506219,51.0,13.541186506108353,1.0,0.2655134609040853,52.0,13.806699967012438,0.0,0.0,1.0,0.2655134609040853,50.0,13.275673045204266,0.0,0.0,0.0,0.0,0.0,0.0,218.0,57.8819344770906,2371.0,629.5324158035863,5.0,1.3275673045204266,9586.0,2545.212036226562,16.0,4.248215374465365,12227.0,3246.4330864742515,City of Malabon,PH137502000,365525,0.5,NCR
2021-04-16,0,1797.2857142857142,698.3869281928281,17.142857142857142,6.661348969329892,17.428571428571427,6.772371452152057,-47.857142857142854,-18.596265872712614,-0.7142857142857142,-0.2775562070554121,87.71428571428571,34.08390222640461,-0.14285714285714285,-0.055511241411082435,1.857142857142857,0.7216461383440715,-47.285714285714285,-18.374220907068285,0.14285714285714285,0.055511241411082435,133.7142857142857,51.958521960773155,0.14285714285714285,0.055511241411082435,150.0,58.286803481636554,1740.4285714285713,676.2934541112173,5.0,1.9428934493878853,8104.285714285714,3149.152725250706,17.285714285714285,6.716860210740975,10051.571428571428,3905.826456925171,1920.0,746.071084564948,18.0,6.994416417796387,17.0,6.60583772791881,100.0,38.857868987757705,1.0,0.3885786898775771,100.0,38.857868987757705,0.0,0.0,0.0,0.0,99.0,38.46929029788013,0.0,0.0,0.0,0.0,0.0,0.0,152.0,59.06396086139172,1862.0,723.5335205520485,5.0,1.9428934493878853,8239.0,3201.499825901358,18.0,6.994416417796387,10311.0,4006.6348713276975,City of Navotas,PH137503000,249463,0.52,NCR
2021-04-16,0,2586.8571428571427,378.6257206791811,7.857142857142857,1.1500118531784274,22.0,3.2200331888995963,3.4285714285714284,0.5018233541142227,0.42857142857142855,0.06272791926427784,185.14285714285714,27.098461122168036,0.0,0.0,2.714285714285714,0.397276822007093,2.714285714285714,0.397276822007093,0.0,0.0,179.0,26.19936094604672,0.2857142857142857,0.041818612842851904,315.1428571428571,46.12592996566565,2542.428571428571,372.1229263821176,2.0,0.2927302898999633,13334.571428571428,1951.716479988741,12.571428571428571,1.840018965085484,16236.571428571428,2376.468130633588,2639.0,386.2576175230016,9.0,1.317286304549835,22.0,3.2200331888995963,40.0,5.854605797999267,0.0,0.0,248.0,36.29855594759545,0.0,0.0,2.0,0.2927302898999633,40.0,5.854605797999267,0.0,0.0,206.0,30.15121985969622,0.0,0.0,321.0,46.98321152894411,2593.0,379.52482085530244,2.0,0.2927302898999633,13838.0,2025.400875817846,13.0,1.9027468843497617,16798.0,2458.641704869792,City of Valenzuela,PH137504000,620422,1.62,NCR
2021-04-16,0,3331.7142857142853,518.9413930197945,6.857142857142857,1.0680553496677017,33.0,5.140016370275815,57.57142857142857,8.967214706585079,-0.14285714285714285,-0.022251153118077117,200.42857142857142,31.218367824662195,0.0,0.0,0.8571428571428571,0.1335069187084627,57.71428571428571,8.989465859703156,0.0,0.0,142.0,22.117646199368657,0.0,0.0,179.28571428571428,27.925197163186784,3280.8571428571427,511.01998250975913,0.0,0.0,9404.0,1464.7489074567807,11.0,1.7133387900919383,12915.0,2011.615497639762,3736.0,581.9121563439528,7.0,1.0903065027857788,33.0,5.140016370275815,196.0,30.528582078001808,0.0,0.0,197.0,30.684340149828348,0.0,0.0,1.0,0.15575807182653983,196.0,30.528582078001808,0.0,0.0,0.0,0.0,0.0,0.0,181.0,28.19221100060371,3685.0,573.9684946807993,0.0,0.0,9546.0,1486.8665536561493,11.0,1.7133387900919383,13463.0,2096.970921000706,City of Las Pias,PH137601000,588894,1.45,NCR
2021-04-16,0,5689.142857142857,898.3532392233767,9.857142857142856,1.556507972740382,23.0,3.6318519363942254,-14.857142857142856,-2.346041002391301,-0.8571428571428571,-0.1353485193687289,318.57142857142856,50.30453303204423,0.0,0.0,2.0,0.3158132118603675,-14.428571428571427,-2.2783667427069365,0.14285714285714285,0.022558086561454815,331.4285714285714,52.33476082257517,0.2857142857142857,0.04511617312290963,356.85714285714283,56.35010023051413,5599.571428571428,884.2093189493444,3.2857142857142856,0.5188359909134608,20879.85714285714,3297.067373735674,53.42857142857142,8.436724373984102,26925.85714285714,4251.770713189566,6274.0,990.7060456059727,11.0,1.736972665232021,23.0,3.6318519363942254,327.0,51.63546013917008,2.0,0.3158132118603675,329.0,51.951273351030444,0.0,0.0,1.0,0.15790660593018374,325.0,51.31964692730971,0.0,0.0,1.0,0.15790660593018374,0.0,0.0,363.0,57.32009795265669,6182.0,976.1786378603958,4.0,0.631626423720735,21210.0,3349.1991117791968,54.0,8.52695672022992,27847.0,4397.225255337827,City of Makati,PH137602000,582602,1.4,NCR
2021-04-16,0,2408.142857142857,426.60304918033466,3.142857142857143,0.5567578502679815,29.428571428571427,5.213278052509281,24.142857142857142,4.276912577058585,0.2857142857142857,0.05061435002436195,140.14285714285714,24.82633868694954,-0.7142857142857142,-0.12653587506090488,1.5714285714285714,0.27837892513399076,24.71428571428571,4.378141277107309,0.0,0.0,114.42857142857142,20.27104718475696,-0.14285714285714285,-0.025307175012180976,148.57142857142856,26.31946201266821,2371.285714285714,420.073798027192,1.0,0.17715022508526682,8238.714285714284,1459.4900901274889,3.2857142857142856,0.5820650252801625,10795.42857142857,1912.4126013204918,2635.0,466.7908430996781,4.0,0.7086009003410673,28.0,4.960206302387472,155.0,27.45828488821636,0.0,0.0,179.0,31.709890290262763,0.0,0.0,1.0,0.17715022508526682,155.0,27.45828488821636,0.0,0.0,23.0,4.074455176961138,0.0,0.0,152.0,26.92683421296056,2599.0,460.4134349966085,1.0,0.17715022508526682,8390.0,1486.2903884653888,3.0,0.5314506752558006,11177.0,1980.0080657780277,City of Muntinlupa,PH137603000,504509,1.89,NCR
2021-04-16,0,4891.142857142857,629.7498054025283,95.42857142857142,12.286724400049328,23.0,2.961321300011889,7.428571428571428,0.95645160000384,36.857142857142854,4.745471400019052,289.0,37.20964590014939,0.0,0.0,3.0,0.38625930000155073,-29.857142857142854,-3.8441997000154338,-0.14285714285714285,-0.018393300000073845,278.57142857142856,35.866935000144,0.5714285714285714,0.07357320000029538,187.57142857142856,24.15040290009696,4760.571428571428,612.9383292024607,2.8571428571428568,0.36786600000147684,15824.571428571428,2037.46262760818,9.285714285714285,1.1955645000047999,20903.285714285714,2691.3628359108056,5447.0,701.3181357028157,266.0,34.2483246001375,23.0,2.961321300011889,366.0,47.12363460018919,39.0,5.02137090002016,397.0,51.11498070020522,0.0,0.0,4.0,0.5150124000020677,326.0,41.97351060016852,0.0,0.0,27.0,3.4763337000139574,1.0,0.12875310000051693,198.0,25.49311380010235,5144.0,662.3059464026591,2.0,0.25750620000103386,16134.0,2077.30251540834,12.0,1.545037200006203,21779.0,2804.113764911258,City of Paraaque,PH137604000,665822,2.6,NCR
2021-04-16,0,3099.428571428571,698.9172830883009,12.714285714285714,2.867055595264509,29.0,6.539463885828037,-61.0,-13.75542403570725,0.2857142857142857,0.06442821562392155,142.28571428571428,32.08525138071293,0.0,0.0,0.7142857142857142,0.16107053905980387,-61.14285714285714,-13.78763814351921,0.0,0.0,202.57142857142856,45.679604877360376,-0.14285714285714285,-0.032214107811960775,213.14285714285714,48.06344885544548,3035.7142857142853,684.5497910041664,10.0,2.2549875468372544,17950.714285714286,4047.8637171119312,12.0,2.7059850562047054,21263.285714285714,4794.844449055678,3290.0,741.8909029094567,14.0,3.1569825655721564,29.0,6.539463885828037,135.0,30.442331882302934,0.0,0.0,137.0,30.893329391670385,0.0,0.0,0.0,0.0,135.0,30.442331882302934,0.0,0.0,2.0,0.45099750936745087,0.0,0.0,215.0,48.48223225700097,3225.0,727.2334838550145,10.0,2.2549875468372544,18128.0,4087.841424906575,12.0,2.7059850562047054,21633.0,4878.214560073033,Pasay City,PH137605000,416522,1.05,NCR
2021-04-16,0,1023.0,1536.759590260441,10.428571428571429,15.66589164767661,2.0,3.004417576266747,16.428571428571427,24.67914437647685,-0.14285714285714285,-0.21460125544762476,55.14285714285714,82.83608460278316,0.0,0.0,0.0,0.0,16.57142857142857,24.89374563192447,0.0,0.0,38.714285714285715,58.15694022630631,0.0,0.0,34.0,51.0750987965347,1005.5714285714286,1510.5782370958307,1.0,1.5022087881333734,2483.5714285714284,3730.8428259569564,4.0,6.008835152533494,3540.5714285714284,5318.677515013932,1139.0,1711.0158096839125,13.0,19.528714245733852,2.0,3.004417576266747,86.0,129.1899557794701,1.0,1.5022087881333734,87.0,130.6921645676035,0.0,0.0,0.0,0.0,85.0,127.68774699133674,0.0,0.0,1.0,1.5022087881333734,0.0,0.0,34.0,51.0750987965347,1119.0,1680.9716339212448,1.0,1.5022087881333734,2523.0,3790.072772460501,4.0,6.008835152533494,3696.0,5552.163680940948,Pateros,PH137606000,63840,0.7,NCR
2021-04-16,0,5746.142857142857,576.3859810152667,9.428571428571429,0.9457642330757927,8.0,0.8024666220037028,-17.0,-1.7052415717578684,-0.7142857142857142,-0.07164880553604489,310.7142857142857,31.16723040817953,0.0,0.0,1.0,0.10030832775046285,-16.71428571428571,-1.6765820495434502,0.0,0.0,326.7142857142857,32.77216365218693,0.42857142857142855,0.04298928332162693,203.0,20.36259053334396,5714.285714285714,573.1904442883591,2.0,0.2006166555009257,19791.285714285714,1985.2307740316246,12.428571428571427,1.246689216327181,25740.42857142857,2581.979345580235,6185.0,620.4070071366127,9.0,0.9027749497541656,8.0,0.8024666220037028,291.0,29.18972337538469,0.0,0.0,295.0,29.590956686386544,0.0,0.0,5.0,0.5015416387523143,290.0,29.089415047634226,0.0,0.0,-1.0,-0.10030832775046285,1.0,0.10030832775046285,208.0,20.864132172096273,6152.0,617.0968323208474,2.0,0.2006166555009257,20117.0,2017.9026293560612,14.0,1.40431658850648,26510.0,2659.1737686647703,Taguig City,PH137607000,804915,3.63,NCR
2021-04-16,0,206.42857142857142,80.97349640737615,0.14285714285714285,0.0560370217352084,0.0,0.0,12.285714285714285,4.819183869227922,-0.14285714285714285,-0.0560370217352084,14.571428571428571,5.715776216991257,0.0,0.0,0.2857142857142857,0.1120740434704168,12.428571428571427,4.875220890963131,0.0,0.0,2.0,0.7845183042929177,0.0,0.0,6.0,2.353554912878753,205.28571428571428,80.52520023349447,1.0,0.39225915214645884,260.0,101.9873795580793,0.0,0.0,472.4285714285714,185.31443087833418,234.0,91.78864160227137,0.0,0.0,0.0,0.0,2.0,0.7845183042929177,0.0,0.0,3.0,1.1767774564393765,0.0,0.0,1.0,0.39225915214645884,2.0,0.7845183042929177,0.0,0.0,0.0,0.0,0.0,0.0,7.0,2.745814065025212,233.0,91.39638245012492,1.0,0.39225915214645884,262.0,102.77189786237221,0.0,0.0,503.0,197.30635352966883,Abra,PH140100000,241160,0.93,CAR
2021-04-16,0,2221.428571428571,248.6047111997385,105.42857142857142,11.798731631215885,1.1428571428571428,0.12789952987767897,19.428571428571427,2.1742920079205423,4.0,0.44764835457187646,147.28571428571428,16.48305191298588,-0.14285714285714285,-0.01598744123470987,5.428571428571428,0.6075227669189751,16.0,1.7905934182875058,-1.0,-0.11191208864296912,122.42857142857142,13.701237138146357,0.5714285714285714,0.06394976493883948,257.85714285714283,28.857331428651317,2061.0,230.65081469315933,42.714285714285715,4.780244929178251,12845.857142857141,1437.6067032663464,11.142857142857142,1.2470204163073701,15325.142857142857,1715.0687458947364,2521.0,282.1303754689251,130.0,14.548571523585984,1.0,0.11191208864296912,124.0,13.87709899172817,13.0,1.4548571523585982,127.0,14.212835257657076,0.0,0.0,0.0,0.0,110.0,12.310329750726604,-1.0,-0.11191208864296912,3.0,0.3357362659289073,2.0,0.22382417728593823,265.0,29.65670349038681,2336.0,261.4266390699758,40.0,4.476483545718764,13050.0,1460.452756790747,14.0,1.5667692410015674,15836.0,1772.2398357500588,Benguet,PH141100000,791590,2.04,CAR
2021-04-16,0,564.1428571428571,254.40205001169866,10.285714285714285,4.63837619671874,0.0,0.0,52.285714285714285,23.578412333320262,1.857142857142857,0.8374845910742169,71.28571428571428,32.14652391892571,0.0,0.0,0.8571428571428571,0.3865313497265616,50.42857142857142,22.74092774224604,0.0,0.0,18.142857142857142,8.181580235878888,0.0,0.0,6.7142857142857135,3.027828906191399,553.8571428571428,249.76367381497988,0.0,0.0,616.8571428571428,278.17372801988216,0.0,0.0,1187.7142857142856,535.6036069377722,829.0,373.84023707720627,18.0,8.117158344257795,0.0,0.0,84.0,37.88007227320304,4.0,1.8038129653906212,84.0,37.88007227320304,0.0,0.0,0.0,0.0,80.0,36.07625930781243,0.0,0.0,0.0,0.0,0.0,0.0,7.0,3.156672689433587,811.0,365.7230787329484,0.0,0.0,635.0,286.3553082557611,0.0,0.0,1471.0,663.352218022401,Ifugao,PH142700000,202802,1.5,CAR
2021-04-16,0,597.8571428571428,259.8362165946414,20.71428571428571,9.002688508058066,0.0,0.0,10.857142857142856,4.7186505283614695,1.4285714285714284,0.6208750695212459,34.14285714285714,14.83891416155778,0.0,0.0,0.2857142857142857,0.1241750139042492,9.428571428571429,4.097775458840224,0.0,0.0,23.0,9.996088619292061,0.0,0.0,24.142857142857142,10.492788674909058,570.1428571428571,247.79124024592926,5.0,2.173062743324361,2652.0,1152.592479059241,2.0,0.8692250973297445,3274.0,1422.9214843287916,691.0,300.3172711274267,26.0,11.299926265286677,0.0,0.0,48.0,20.861402335913866,2.0,0.8692250973297445,48.0,20.861402335913866,0.0,0.0,0.0,0.0,46.0,19.992177238584123,0.0,0.0,0.0,0.0,0.0,0.0,25.0,10.865313716621804,658.0,285.9750570214859,5.0,2.173062743324361,2675.0,1162.588567678533,2.0,0.8692250973297445,3391.0,1473.7711525225816,Kalinga,PH143200000,212680,1.32,CAR
2021-04-16,0,887.4285714285713,553.1540951293716,106.28571428571428,66.25026509598398,0.0,0.0,-42.857142857142854,-26.713816570961285,-5.857142857142857,-3.650888264698042,29.0,18.076349213017135,0.0,0.0,1.0,0.6233223866557633,-37.0,-23.06292830626324,0.0,0.0,70.85714285714285,44.16684339732265,0.0,0.0,43.857142857142854,27.337138957617043,771.1428571428571,480.67060616683,9.0,5.60990147990187,2305.5714285714284,1437.1142854624804,1.0,0.6233223866557633,3236.8571428571427,2017.6055195494691,877.0,546.6537330971045,101.0,62.95556105223209,0.0,0.0,20.0,12.466447733115265,0.0,0.0,20.0,12.466447733115265,0.0,0.0,0.0,0.0,20.0,12.466447733115265,0.0,0.0,0.0,0.0,0.0,0.0,45.0,28.04950739950935,766.0,477.46494817831467,9.0,5.60990147990187,2377.0,1481.6373130807494,1.0,0.6233223866557633,3299.0,2056.340553577363,Mountain Province,PH144400000,154590,0.62,CAR
2021-04-16,0,255.28571428571428,197.63599174752923,29.285714285714285,22.67228780539647,0.0,0.0,-1.5714285714285714,-1.2165617846798107,0.2857142857142857,0.22119305175996556,11.285714285714285,8.737125544518639,0.0,0.0,0.0,0.0,-1.857142857142857,-1.437754836439776,0.0,0.0,12.857142857142856,9.953687329198448,0.0,0.0,3.0,2.3225270434796386,226.0,174.96370394213275,0.0,0.0,439.1428571428571,339.9737205550671,0.0,0.0,697.4285714285714,539.9322393460759,291.0,225.28512321752493,31.0,23.999446115956264,0.0,0.0,30.0,23.225270434796382,2.0,1.548351362319759,30.0,23.225270434796382,0.0,0.0,0.0,0.0,28.0,21.676919072476625,0.0,0.0,0.0,0.0,0.0,0.0,3.0,2.3225270434796386,260.0,201.28567710156867,0.0,0.0,452.0,349.9274078842655,0.0,0.0,746.0,577.5350581452701,Apayao,PH148100000,119184,1.35,CAR
2021-04-16,0,37.714285714285715,9.714105884821258,0.0,0.0,0.0,0.0,1.5714285714285714,0.4047544118675524,0.0,0.0,2.2857142857142856,0.5887336899891671,0.0,0.0,0.0,0.0,1.5714285714285714,0.4047544118675524,0.0,0.0,0.7142857142857142,0.18397927812161471,0.0,0.0,6.0,1.5454259362215639,35.714285714285715,9.198963906080737,0.0,0.0,282.2857142857143,72.70861071366214,2.0,0.5151419787405213,326.0,83.96814253470495,45.0,11.590694521661728,0.0,0.0,0.0,0.0,1.0,0.25757098937026063,0.0,0.0,1.0,0.25757098937026063,0.0,0.0,0.0,0.0,1.0,0.25757098937026063,0.0,0.0,0.0,0.0,0.0,0.0,6.0,1.5454259362215639,43.0,11.075552542921207,0.0,0.0,283.0,72.89258999178375,2.0,0.5151419787405213,334.0,86.02871044966705,Basilan,PH150700000,346579,1.91,BARMM
2021-04-16,0,193.28571428571428,16.64127380654421,0.0,0.0,1.0,0.08609676027036915,20.285714285714285,1.7465342797703458,0.0,0.0,25.142857142857142,2.16471854394071,0.0,0.0,0.2857142857142857,0.024599074362962617,20.285714285714285,1.7465342797703458,0.0,0.0,4.571428571428571,0.39358518980740187,0.0,0.0,49.71428571428571,4.2802389391554945,191.28571428571428,16.46908028600347,0.0,0.0,1285.4285714285713,110.6712355589688,1.0,0.08609676027036915,1528.4285714285713,131.5927483046685,271.0,23.332222033270043,0.0,0.0,1.0,0.08609676027036915,48.0,4.13264449297772,0.0,0.0,49.0,4.218741253248089,0.0,0.0,1.0,0.08609676027036915,48.0,4.13264449297772,0.0,0.0,0.0,0.0,0.0,0.0,51.0,4.390934773788827,269.0,23.1600285127293,0.0,0.0,1290.0,111.06482074877621,1.0,0.08609676027036915,1612.0,138.78797755583508,Lanao del Sur,PH153600000,1045429,1.77,BARMM
2021-04-16,0,72.0,5.276297886259201,0.0,0.0,0.0,0.0,2.142857142857143,0.15703267518628572,0.0,0.0,5.428571428571428,0.3978161104719238,0.0,0.0,0.42857142857142855,0.03140653503725714,2.142857142857143,0.15703267518628572,0.0,0.0,2.8571428571428568,0.20937690024838093,0.0,0.0,15.714285714285714,1.1515729513660953,72.0,5.276297886259201,0.0,0.0,1077.2857142857142,78.94556023865204,0.0,0.0,1165.0,85.37343107627734,87.0,6.375526612563201,0.0,0.0,0.0,0.0,4.0,0.29312766034773335,0.0,0.0,4.0,0.29312766034773335,0.0,0.0,0.0,0.0,4.0,0.29312766034773335,0.0,0.0,0.0,0.0,0.0,0.0,16.0,1.1725106413909334,87.0,6.375526612563201,0.0,0.0,1080.0,79.144468293888,0.0,0.0,1183.0,86.69250554784215,Maguindanao,PH153800000,1173933,2.54,BARMM
2021-04-16,0,31.0,3.3593867214083497,0.0,0.0,0.0,0.0,0.5714285714285714,0.06192417919646727,0.0,0.0,1.7142857142857142,0.18577253758940182,0.0,0.0,0.0,0.0,0.5714285714285714,0.06192417919646727,0.0,0.0,1.1428571428571428,0.12384835839293454,0.0,0.0,10.0,1.0836731359381773,29.0,3.1426520942207143,1.0,0.10836731359381772,363.85714285714283,39.43022110335053,1.0,0.10836731359381772,404.85714285714283,43.87328096069706,33.0,3.576121348595985,0.0,0.0,0.0,0.0,0.0,0.0,0.0,0.0,0.0,0.0,0.0,0.0,0.0,0.0,0.0,0.0,0.0,0.0,0.0,0.0,0.0,0.0,10.0,1.0836731359381773,31.0,3.3593867214083497,1.0,0.10836731359381772,365.0,39.55406946174347,1.0,0.10836731359381772,408.0,44.213863946277634,Sulu,PH156600000,824731,1.89,BARMM
2021-04-16,0,30.857142857142854,7.321680385784479,0.0,0.0,0.0,0.0,0.8571428571428571,0.20338001071623554,0.0,0.0,1.857142857142857,0.440656689885177,0.0,0.0,0.0,0.0,0.8571428571428571,0.20338001071623554,0.0,0.0,1.0,0.2372766791689415,0.0,0.0,6.0,1.423660075013649,26.857142857142854,6.372573669108714,0.0,0.0,182.0,43.184355608747346,4.0,0.949106716675766,218.85714285714283,51.92969606954548,36.0,8.541960450081893,0.0,0.0,0.0,0.0,4.0,0.949106716675766,0.0,0.0,4.0,0.949106716675766,0.0,0.0,0.0,0.0,4.0,0.949106716675766,0.0,0.0,0.0,0.0,0.0,0.0,6.0,1.423660075013649,32.0,7.592853733406128,0.0,0.0,183.0,43.421632287916296,4.0,0.949106716675766,225.0,53.387252813011834,Tawi-Tawi,PH157000000,390715,1.27,BARMM
2021-04-16,0,510.57142857142856,67.59897694322846,279.2857142857143,36.97705649804467,1.0,0.13239866776793488,29.857142857142854,3.9530459376426266,16.285714285714285,2.1562068750777965,47.285714285714285,6.260565575883778,0.0,0.0,0.14285714285714285,0.01891409539541927,13.142857142857142,1.7400967763785724,0.5714285714285714,0.07565638158167708,17.285714285714285,2.2886055428457315,-0.14285714285714285,-0.01891409539541927,106.0,14.034258783401096,215.0,28.465713570106,9.285714285714285,1.2294162007022522,3676.5714285714284,486.77315909651026,6.0,0.7943920066076091,4293.142857142857,568.4063948231397,649.0,85.92673538138973,360.0,47.663520396456555,1.0,0.13239866776793488,50.0,6.619933388396744,17.0,2.2507773520548926,50.0,6.619933388396744,0.0,0.0,0.0,0.0,33.0,4.369156036341851,0.0,0.0,0.0,0.0,0.0,0.0,106.0,14.034258783401096,271.0,35.880038965110344,11.0,1.4563853454472835,3694.0,489.08067873475136,6.0,0.7943920066076091,4449.0,589.0416728995422,Agusan del Norte,PH160200000,691566,1.48,CARAGA
2021-04-16,0,123.57142857142857,16.13896079244058,41.857142857142854,5.466723135474092,0.0,0.0,9.285714285714285,1.212754279200737,3.8571428571428568,0.5037594698218446,13.285714285714285,1.7351715071641318,0.0,0.0,0.0,0.0,5.428571428571428,0.7089948093788925,0.0,0.0,4.0,0.5224172279633945,0.0,0.0,52.0,6.791423963524128,77.71428571428571,10.149820429003093,1.0,0.13060430699084863,1797.0,234.69593966255496,3.0,0.39181292097254583,1972.5714285714284,257.6263244185197,151.0,19.721250355618142,56.0,7.313841191487524,0.0,0.0,11.0,1.4366473768993349,0.0,0.0,11.0,1.4366473768993349,0.0,0.0,0.0,0.0,11.0,1.4366473768993349,0.0,0.0,0.0,0.0,0.0,0.0,52.0,6.791423963524128,91.0,11.884991936167225,1.0,0.13060430699084863,1801.0,235.21835689051838,3.0,0.39181292097254583,2004.0,261.73103120966067,Agusan del Sur,PH160300000,700653,1.49,CARAGA
2021-04-16,0,112.57142857142857,20.961662312626267,39.0,7.262098745364176,2.0,0.37241532027508595,0.5714285714285714,0.10640437722145313,0.42857142857142855,0.07980328291608985,4.428571428571428,0.8246339234662617,-0.2857142857142857,-0.053202188610726564,0.2857142857142857,0.053202188610726564,0.42857142857142855,0.07980328291608985,0.0,0.0,3.571428571428571,0.665027357634082,0.0,0.0,68.0,12.662120889352924,53.57142857142857,9.97541036451123,1.0,0.18620766013754297,1089.4285714285713,202.85994517270038,17.0,3.165530222338231,1270.0,236.4837283746796,125.0,23.27595751719287,40.0,7.448306405501719,2.0,0.37241532027508595,11.0,2.048284261512973,0.0,0.0,11.0,2.048284261512973,0.0,0.0,0.0,0.0,11.0,2.048284261512973,0.0,0.0,0.0,0.0,0.0,0.0,68.0,12.662120889352924,65.0,12.103497908940293,1.0,0.18620766013754297,1093.0,203.52497253033445,17.0,3.165530222338231,1286.0,239.46305093688028,Surigao del Norte,PH166700000,485088,1.71,CARAGA
2021-04-16,0,164.7142857142857,26.06015644904741,73.85714285714285,11.685256621125333,1.4285714285714284,0.22602043754594453,9.428571428571429,1.4917348878032344,3.4285714285714284,0.5424490501102669,15.142857142857142,2.3958166379870125,0.0,0.0,0.42857142857142855,0.06780613126378336,5.857142857142857,0.9266837939383726,0.14285714285714285,0.02260204375459446,5.285714285714286,0.8362756189199949,0.0,0.0,73.85714285714285,11.685256621125333,82.0,12.973573115137219,1.7142857142857142,0.27122452505513345,1384.4285714285713,219.03640602577485,5.7142857142857135,0.9040817501837781,1623.0,256.78181909594764,204.0,32.27571848156089,84.0,13.29000172770154,2.0,0.3164286125643224,17.0,2.6896432067967404,0.0,0.0,18.0,2.847857513078902,0.0,0.0,0.0,0.0,18.0,2.847857513078902,0.0,0.0,1.0,0.1582143062821612,-1.0,-0.1582143062821612,74.0,11.70785866487993,111.0,17.561787997319893,2.0,0.3164286125643224,1391.0,220.07610003848626,5.0,0.791071531410806,1669.0,264.05967718492707,Surigao del Sur,PH166800000,592250,1.09,CARAGA
2021-04-16,0,33.714285714285715,24.771543696587415,9.142857142857142,6.717706765176247,0.0,0.0,3.571428571428571,2.624104205146972,2.142857142857143,1.5744625230881832,4.285714285714286,3.1489250461763665,0.0,0.0,0.14285714285714285,0.10496416820587887,1.4285714285714284,1.0496416820587886,0.0,0.0,0.5714285714285714,0.41985667282351546,0.0,0.0,1.0,0.7347491774411521,24.57142857142857,18.053836931411166,0.0,0.0,143.42857142857142,105.38402487870239,0.0,0.0,178.14285714285714,130.89031775273094,42.0,30.85946545252839,17.0,12.490736016499586,0.0,0.0,1.0,0.7347491774411521,0.0,0.0,1.0,0.7347491774411521,0.0,0.0,0.0,0.0,1.0,0.7347491774411521,0.0,0.0,0.0,0.0,0.0,0.0,1.0,0.7347491774411521,25.0,18.3687294360288,0.0,0.0,144.0,105.80388155152589,0.0,0.0,187.0,137.39809618149545,Dinagat Islands,PH168500000,127152,1.14,CARAGA
2021-04-16,0,43.42857142857142,17.972042449002494,2.571428571428571,1.0641340923751479,1.0,0.4138299248125575,0.8571428571428571,0.3547113641250492,0.5714285714285714,0.23647424275003281,4.285714285714286,1.7735568206252463,0.0,0.0,0.42857142857142855,0.1773556820625246,0.2857142857142857,0.11823712137501641,0.0,0.0,3.0,1.2414897744376725,0.0,0.0,13.142857142857142,5.438907583250756,39.857142857142854,16.49407843181479,0.0,0.0,349.7142857142857,144.7222365630201,0.0,0.0,406.2857142857143,168.13318659527334,48.0,19.86383639100276,6.0,2.482979548875345,1.0,0.4138299248125575,-4.0,-1.65531969925023,4.0,1.65531969925023,2.0,0.827659849625115,0.0,0.0,2.0,0.827659849625115,-8.0,-3.31063939850046,0.0,0.0,4.0,1.65531969925023,0.0,0.0,15.0,6.207448872188362,41.0,16.967026917314858,0.0,0.0,356.0,147.32345323327047,0.0,0.0,419.0,173.39473849646157,Marinduque,PH174000000,234521,0.5,4B
2021-04-16,0,160.14285714285714,29.80036854158996,22.857142857142854,4.2533978293081125,0.14285714285714285,0.0265837364331757,1.7142857142857142,0.3190048371981084,6.7142857142857135,1.249435612359258,7.571428571428571,1.4089380309583122,0.14285714285714285,0.0265837364331757,0.0,0.0,-6.142857142857142,-1.143100666626555,0.8571428571428571,0.1595024185990542,5.857142857142857,1.0899331937602037,0.14285714285714285,0.0265837364331757,15.0,2.791292325483449,132.42857142857142,24.643123673553877,2.4285714285714284,0.4519235193639869,546.1428571428571,101.62962438403069,2.2857142857142856,0.4253397829308112,721.2857142857142,134.22128525110412,180.0,33.49550790580139,55.0,10.234738526772645,1.0,0.18608615503222994,11.0,2.0469477053545293,17.0,3.1634646355479092,11.0,2.0469477053545293,1.0,0.18608615503222994,0.0,0.0,-11.0,-2.0469477053545293,4.0,0.7443446201289198,0.0,0.0,0.0,0.0,15.0,2.791292325483449,114.0,21.21382167367421,7.0,1.3026030852256096,552.0,102.71955757779091,3.0,0.5582584650966897,747.0,139.00635780907575,Occidental Mindoro,PH175100000,487414,1.64,4B
2021-04-16,0,403.57142857142856,43.960529096822164,86.28571428571428,9.398994539639144,1.7142857142857142,0.18673499085375783,-6.0,-0.6535724679881525,3.4285714285714284,0.37346998170751566,25.285714285714285,2.7543411150929282,-0.14285714285714285,-0.015561249237813154,0.8571428571428571,0.09336749542687892,-9.571428571428571,-1.0426036989334813,0.0,0.0,30.428571428571427,3.3145460876542017,0.2857142857142857,0.031122498475626308,36.57142857142857,3.9836798048801674,281.57142857142856,30.671222247729727,0.0,0.0,1740.2857142857142,189.56713821503985,34.0,3.7035773185995304,2180.428571428571,237.51134711674214,438.0,47.71079016313513,107.0,11.655375679122054,0.0,0.0,12.0,1.307144935976305,1.0,0.10892874466469209,26.0,2.832147361281994,-1.0,-0.10892874466469209,2.0,0.21785748932938417,17.0,1.8517886592997652,0.0,0.0,12.0,1.307144935976305,-5.0,-0.5446437233234604,40.0,4.357149786587684,301.0,32.787552144072315,0.0,0.0,1789.0,194.87352420513412,30.0,3.2678623399407623,2267.0,246.94146415485696,Oriental Mindoro,PH175200000,844059,1.41,4B
2021-04-16,0,180.85714285714286,13.954486593432957,11.0,0.8487325969149588,0.0,0.0,9.142857142857142,0.7054400805526929,2.142857142857143,0.16533751887953743,19.285714285714285,1.4880376699158366,-0.14285714285714285,-0.011022501258635827,0.8571428571428571,0.06613500755181496,6.285714285714286,0.4849900553799764,0.7142857142857142,0.05511250629317914,9.285714285714285,0.7164625818113287,0.14285714285714285,0.011022501258635827,10.285714285714285,0.7936200906217796,164.85714285714286,12.719966452465746,4.571428571428571,0.35272004027634646,885.4285714285713,68.31746280102486,0.42857142857142855,0.03306750377590748,1076.5714285714284,83.06556948507958,241.0,18.59495962331864,23.0,1.7746227026403685,0.0,0.0,37.0,2.8548278259866793,9.0,0.6944175792940571,38.0,2.93198533479713,0.0,0.0,0.0,0.0,27.0,2.0832527378821712,1.0,0.0771575088104508,1.0,0.0771575088104508,0.0,0.0,12.0,0.9258901057254095,209.0,16.12591934138422,8.0,0.6172600704836064,896.0,69.1331278941639,1.0,0.0771575088104508,1149.0,88.65397762320796,Palawan,PH175300000,1104585,2.7,4B
2021-04-16,0,124.71428571428571,40.9235124738581,9.142857142857142,3.0001200439025415,0.0,0.0,9.142857142857142,3.0001200439025415,1.2857142857142856,0.4218918811737949,12.857142857142856,4.218918811737948,0.0,0.0,0.2857142857142857,0.09375375137195442,7.571428571428571,2.4844744113567923,0.2857142857142857,0.09375375137195442,3.4285714285714284,1.125045016463453,0.0,0.0,6.0,1.9688287788110428,114.14285714285714,37.454623673095796,1.4285714285714284,0.46876875685977204,228.28571428571428,74.90924734619159,0.0,0.0,359.0,117.80158859886073,168.0,55.127205806709206,16.0,5.250210076829448,0.0,0.0,9.0,2.9532431682165643,6.0,1.9688287788110428,9.0,2.9532431682165643,0.0,0.0,0.0,0.0,3.0,0.9844143894055214,0.0,0.0,0.0,0.0,0.0,0.0,6.0,1.9688287788110428,150.0,49.220719470276066,2.0,0.656276259603681,232.0,76.12804611402699,0.0,0.0,406.0,133.22408069954724,Romblon,PH175900000,292781,0.67,4B
